00000/000000,00.0
Waltz/106201,87.0
Waltz/106203,87.0
Waltz/106205,87.0
Waltz/106202,84.0
Waltz/106204,87.0
Waltz/106501,87.0
Waltz/106503,87.0
Waltz/106521,87.0
Waltz/106502,87.0
Waltz/106504,84.0
Waltz/106516,87.0
Waltz/106601,87.0
Waltz/106603,87.0
Waltz/106605,87.0
Waltz/106602,87.0
Waltz/106604,84.0
Waltz/106606,84.0
Waltz/106701,87.0
Waltz/106703,84.0
Waltz/106705,84.0
Waltz/106707,87.0
Waltz/106709,87.0
Waltz/106702,84.0
Waltz/106704,84.0
Waltz/106706,84.0
Waltz/106708,87.0
Waltz/106710,87.0
Waltz/107101,87.0
Waltz/107103,87.0
Waltz/107105,87.0
Waltz/107102,87.0
Waltz/107104,87.0
Waltz/107118,87.0
Waltz/107301,84.0
Waltz/107303,84.0
Waltz/107305,84.0
Waltz/107307,87.0
Waltz/107309,87.0
Waltz/107311,87.0
Waltz/107302,84.0
Waltz/107304,84.0
Waltz/107306,87.0
Waltz/107308,87.0
Waltz/107310,87.0
Waltz/107312,87.0
Waltz/107701,87.0
Waltz/107703,87.0
Waltz/107705,87.0
Waltz/107707,87.0
Waltz/107709,87.0
Waltz/107702,87.0
Waltz/107704,87.0
Waltz/107706,87.0
Waltz/107708,87.0
Waltz/107710,87.0
Waltz/107801,84.0
Waltz/107803,87.0
Waltz/107805,87.0
Waltz/107807,87.0
Waltz/107809,87.0
Waltz/107802,87.0
Waltz/107804,87.0
Waltz/107806,85.0
Waltz/107808,87.0
Waltz/107810,87.0
Waltz/107921,87.0
Waltz/107923,87.0
Waltz/107925,87.0
Waltz/107927,87.0
Waltz/107929,87.0
Waltz/107931,87.0
Waltz/107933,87.0
Waltz/107922,83.0
Waltz/107924,87.0
Waltz/107926,87.0
Waltz/107928,87.0
Waltz/107930,84.0
Waltz/107932,87.0
Waltz/108023,87.0
Waltz/108025,87.0
Waltz/108027,87.0
Waltz/108029,87.0
Waltz/108031,87.0
Waltz/108033,85.0
Waltz/108022,87.0
Waltz/108024,87.0
Waltz/108026,87.0
Waltz/108028,87.0
Waltz/108030,85.0
Waltz/108032,87.0
Waltz/108123,87.0
Waltz/108125,87.0
Waltz/108127,87.0
Waltz/108129,87.0
Waltz/108131,87.0
Waltz/108122,87.0
Waltz/108124,78.0
Waltz/108126,87.0
Waltz/108128,87.0
Waltz/108130,87.0
Waltz/108221,87.0
Waltz/108223,87.0
Waltz/108225,87.0
Waltz/108227,87.0
Waltz/108229,87.0
Waltz/108222,87.0
Waltz/108224,87.0
Waltz/108226,87.0
Waltz/108228,87.0
Waltz/108321,84.0
Waltz/108323,87.0
Waltz/108325,87.0
Waltz/108327,87.0
Waltz/108329,87.0
Waltz/108322,87.0
Waltz/108324,87.0
Waltz/108326,87.0
Waltz/108328,87.0
Waltz/108330,87.0
Waltz/108901,84.0
Waltz/108903,87.0
Waltz/108905,87.0
Waltz/108907,87.0
Waltz/108909,87.0
Waltz/108911,87.0
Waltz/108913,84.0
Waltz/108915,87.0
Waltz/108917,87.0
Waltz/108919,87.0
Waltz/108902,84.0
Waltz/108904,84.0
Waltz/108906,84.0
Waltz/108908,84.0
Waltz/108910,87.0
Waltz/108912,87.0
Waltz/108914,87.0
Waltz/108916,87.0
Waltz/108918,84.0
Waltz/108920,87.0
Waltz/109401,87.0
Waltz/109403,84.0
Waltz/109405,84.0
Waltz/109402,84.0
Waltz/109404,84.0
Waltz/109406,87.0
Waltz/109601,84.0
Waltz/109603,87.0
Waltz/109605,87.0
Waltz/109623,84.0
Waltz/109602,84.0
Waltz/109604,84.0
Waltz/109618,87.0
Waltz/109901,84.0
Waltz/109903,87.0
Waltz/109905,87.0
Waltz/109902,87.0
Waltz/109904,87.0
Waltz/110101,87.0
Waltz/110103,84.0
Waltz/110105,80.0
Waltz/110107,84.0
Waltz/110109,84.0
Waltz/110111,84.0
Waltz/110113,84.0
Waltz/110115,84.0
Waltz/110117,84.0
Waltz/110119,84.0
Waltz/110121,84.0
Waltz/110123,84.0
Waltz/110125,87.0
Waltz/110127,87.0
Waltz/110129,87.0
Waltz/110131,87.0
Waltz/110133,84.0
Waltz/110135,87.0
Waltz/110102,84.0
Waltz/110104,84.0
Waltz/110106,84.0
Waltz/110108,87.0
Waltz/110110,84.0
Waltz/110112,87.0
Waltz/110114,87.0
Waltz/110116,87.0
Waltz/110118,84.0
Waltz/110120,84.0
Waltz/110122,87.0
Waltz/110124,87.0
Waltz/110126,87.0
Waltz/110128,87.0
Waltz/110130,87.0
Waltz/110132,87.0
Waltz/110134,87.0
Waltz/110136,87.0
Waltz/110421,87.0
Waltz/110423,87.0
Waltz/110425,87.0
Waltz/110427,87.0
Waltz/110429,87.0
Waltz/110422,87.0
Waltz/110424,87.0
Waltz/110426,87.0
Waltz/110428,87.0
Waltz/110430,87.0
Waltz/110501,84.0
Waltz/110503,87.0
Waltz/110505,87.0
Waltz/110507,84.0
Waltz/110521,87.0
Waltz/110502,87.0
Waltz/110504,84.0
Waltz/110506,84.0
Waltz/110601,87.0
Waltz/110603,84.0
Waltz/110605,84.0
Waltz/110607,84.0
Waltz/110609,87.0
Waltz/110602,87.0
Waltz/110604,87.0
Waltz/110606,87.0
Waltz/110608,87.0
Waltz/110610,84.0
Waltz/111001,87.0
Waltz/111003,87.0
Waltz/111005,87.0
Waltz/111007,84.0
Waltz/111009,87.0
Waltz/111002,84.0
Waltz/111004,87.0
Waltz/111006,87.0
Waltz/111008,87.0
Waltz/111010,87.0
Waltz/111101,87.0
Waltz/111103,87.0
Waltz/111105,84.0
Waltz/111102,87.0
Waltz/111104,87.0
Waltz/111321,87.0
Waltz/111323,87.0
Waltz/111325,87.0
Waltz/111327,87.0
Waltz/111329,87.0
Waltz/111322,85.0
Waltz/111324,87.0
Waltz/111326,87.0
Waltz/111328,84.0
Waltz/111330,87.0
Waltz/111401,84.0
Waltz/111403,84.0
Waltz/111405,84.0
Waltz/111407,84.0
Waltz/111409,84.0
Waltz/111411,87.0
Waltz/111413,87.0
Waltz/111402,84.0
Waltz/111404,84.0
Waltz/111406,84.0
Waltz/111408,84.0
Waltz/111410,84.0
Waltz/111412,84.0
Waltz/111414,87.0
Waltz/111821,90.0
Waltz/111823,87.0
Waltz/111825,88.0
Waltz/111827,85.0
Waltz/111829,87.0
Waltz/111822,87.0
Waltz/111824,88.0
Waltz/111826,87.0
Waltz/111828,90.0
Waltz/111830,66.0
Waltz/112001,84.0
Waltz/112003,87.0
Waltz/112005,87.0
Waltz/112002,84.0
Waltz/112004,84.0
Waltz/112601,84.0
Waltz/112603,84.0
Waltz/112605,87.0
Waltz/112607,87.0
Waltz/112609,84.0
Waltz/112611,84.0
Waltz/112602,84.0
Waltz/112604,84.0
Waltz/112606,87.0
Waltz/112608,87.0
Waltz/112610,87.0
Waltz/112612,87.0
Waltz/112701,87.0
Waltz/112703,87.0
Waltz/112705,84.0
Waltz/112702,84.0
Waltz/112704,84.0
Waltz/112706,87.0
Waltz/112823,87.0
Waltz/112825,87.0
Waltz/112827,84.0
Waltz/112829,87.0
Waltz/112831,87.0
Waltz/112822,87.0
Waltz/112824,87.0
Waltz/112826,87.0
Waltz/112828,87.0
Waltz/112830,87.0
Waltz/113001,84.0
Waltz/113003,87.0
Waltz/113005,87.0
Waltz/113007,87.0
Waltz/113009,87.0
Waltz/113002,84.0
Waltz/113004,87.0
Waltz/113006,87.0
Waltz/113008,87.0
Waltz/113010,87.0
Waltz/113101,84.0
Waltz/113103,87.0
Waltz/113105,84.0
Waltz/113107,84.0
Waltz/113109,84.0
Waltz/113111,84.0
Waltz/113102,84.0
Waltz/113104,87.0
Waltz/113106,84.0
Waltz/113108,87.0
Waltz/113110,84.0
Waltz/113301,84.0
Waltz/113303,87.0
Waltz/113305,84.0
Waltz/113302,87.0
Waltz/113304,84.0
Waltz/113501,84.0
Waltz/113503,87.0
Waltz/113505,84.0
Waltz/113507,84.0
Waltz/113509,87.0
Waltz/113511,87.0
Waltz/113502,87.0
Waltz/113504,84.0
Waltz/113506,87.0
Waltz/113508,84.0
Waltz/113510,84.0
Waltz/113512,84.0
Waltz/113723,87.0
Waltz/113725,87.0
Waltz/113727,87.0
Waltz/113729,87.0
Waltz/113731,87.0
Waltz/113722,87.0
Waltz/113724,84.0
Waltz/113726,87.0
Waltz/113728,84.0
Waltz/113730,87.0
Waltz/114001,84.0
Waltz/114003,84.0
Waltz/114005,87.0
Waltz/114002,84.0
Waltz/114004,87.0
Waltz/114006,87.0
Waltz/114101,87.0
Waltz/114103,87.0
Waltz/114105,84.0
Waltz/114102,84.0
Waltz/114104,84.0
Waltz/114106,84.0
Waltz/114401,87.0
Waltz/114403,87.0
Waltz/114405,87.0
Waltz/114407,87.0
Waltz/114409,87.0
Waltz/114402,87.0
Waltz/114404,87.0
Waltz/114406,87.0
Waltz/114408,87.0
Waltz/114410,84.0
Waltz/114701,87.0
Waltz/114703,87.0
Waltz/114705,87.0
Waltz/114707,87.0
Waltz/114709,84.0
Waltz/114711,84.0
Waltz/114702,87.0
Waltz/114704,87.0
Waltz/114706,87.0
Waltz/114708,84.0
Waltz/114710,84.0
Waltz/114712,84.0
Waltz/114901,84.0
Waltz/114903,84.0
Waltz/114905,84.0
Waltz/114902,84.0
Waltz/114904,84.0
Waltz/114906,87.0
Waltz/115121,87.0
Waltz/115123,87.0
Waltz/115125,81.0
Waltz/115127,87.0
Waltz/115129,87.0
Waltz/115122,87.0
Waltz/115124,87.0
Waltz/115126,87.0
Waltz/115128,87.0
Waltz/115130,87.0
Waltz/115301,87.0
Waltz/115303,87.0
Waltz/115305,84.0
Waltz/115307,87.0
Waltz/115309,84.0
Waltz/115311,87.0
Waltz/115302,84.0
Waltz/115304,87.0
Waltz/115306,84.0
Waltz/115308,84.0
Waltz/115310,87.0
Waltz/115312,87.0
Waltz/115723,87.0
Waltz/115725,87.0
Waltz/115727,87.0
Waltz/115729,90.0
Waltz/115722,84.0
Waltz/115724,87.0
Waltz/115726,87.0
Waltz/115728,87.0
Waltz/115730,87.0
Waltz/115801,87.0
Waltz/115803,84.0
Waltz/115805,84.0
Waltz/115807,84.0
Waltz/115809,84.0
Waltz/115802,87.0
Waltz/115804,84.0
Waltz/115806,87.0
Waltz/115808,87.0
Waltz/115810,87.0
Waltz/116001,84.0
Waltz/116003,87.0
Waltz/116005,84.0
Waltz/116002,87.0
Waltz/116004,87.0
Waltz/116006,87.0
Waltz/116201,87.0
Waltz/116203,84.0
Waltz/116205,87.0
Waltz/116207,84.0
Waltz/116209,87.0
Waltz/116202,87.0
Waltz/116204,87.0
Waltz/116206,84.0
Waltz/116208,87.0
Waltz/116210,87.0
Waltz/116813,87.0
Waltz/116815,87.0
Waltz/116814,87.0
Waltz/118721,87.0
Waltz/118723,87.0
Waltz/118725,87.0
Waltz/118727,87.0
Waltz/118729,87.0
Waltz/118722,87.0
Waltz/118724,87.0
Waltz/118726,87.0
Waltz/118728,87.0
Waltz/118730,87.0
Waltz/115721,87.0
Tango/106207,128.0
Tango/106209,128.0
Tango/106206,128.0
Tango/106208,128.0
Tango/106505,128.0
Tango/106507,128.0
Tango/106517,128.0
Tango/106506,128.0
Tango/106607,124.0
Tango/106609,124.0
Tango/106608,124.0
Tango/106711,124.0
Tango/106713,128.0
Tango/106715,128.0
Tango/106717,128.0
Tango/106712,128.0
Tango/106714,128.0
Tango/106716,128.0
Tango/106718,116.0
Tango/107107,128.0
Tango/107109,128.0
Tango/107106,128.0
Tango/107108,128.0
Tango/107313,128.0
Tango/107315,128.0
Tango/107317,128.0
Tango/107319,128.0
Tango/107321,128.0
Tango/107323,128.0
Tango/107325,128.0
Tango/107314,128.0
Tango/107316,128.0
Tango/107318,128.0
Tango/107320,128.0
Tango/107322,128.0
Tango/107324,128.0
Tango/107729,128.0
Tango/107731,128.0
Tango/107728,132.0
Tango/107730,128.0
Tango/107835,132.0
Tango/107837,132.0
Tango/107839,136.0
Tango/107834,128.0
Tango/107836,132.0
Tango/107838,136.0
Tango/107935,132.0
Tango/107937,128.0
Tango/107934,128.0
Tango/107936,128.0
Tango/107938,132.0
Tango/108035,128.0
Tango/108037,128.0
Tango/108034,128.0
Tango/108036,128.0
Tango/108038,128.0
Tango/108135,128.0
Tango/108137,128.0
Tango/108139,128.0
Tango/108136,128.0
Tango/108138,128.0
Tango/108140,128.0
Tango/108231,128.0
Tango/108233,128.0
Tango/108235,128.0
Tango/108230,128.0
Tango/108232,128.0
Tango/108234,128.0
Tango/108333,128.0
Tango/108335,128.0
Tango/108337,128.0
Tango/108334,128.0
Tango/108336,128.0
Tango/108338,128.0
Tango/109001,128.0
Tango/109003,128.0
Tango/109005,116.0
Tango/109007,128.0
Tango/109009,128.0
Tango/109011,128.0
Tango/109013,128.0
Tango/109015,128.0
Tango/109017,128.0
Tango/109019,128.0
Tango/109002,128.0
Tango/109004,128.0
Tango/109006,128.0
Tango/109008,128.0
Tango/109010,128.0
Tango/109012,128.0
Tango/109014,128.0
Tango/109016,128.0
Tango/109018,128.0
Tango/109020,128.0
Tango/109407,128.0
Tango/109409,128.0
Tango/109408,128.0
Tango/109410,128.0
Tango/109607,128.0
Tango/109619,128.0
Tango/109606,124.0
Tango/109608,128.0
Tango/109907,128.0
Tango/109906,128.0
Tango/109908,128.0
Tango/110431,124.0
Tango/110433,124.0
Tango/110435,124.0
Tango/110437,124.0
Tango/110432,124.0
Tango/110434,124.0
Tango/110436,124.0
Tango/110509,128.0
Tango/110508,128.0
Tango/110510,128.0
Tango/110611,128.0
Tango/110613,128.0
Tango/110615,128.0
Tango/110612,128.0
Tango/110614,128.0
Tango/110616,128.0
Tango/111011,128.0
Tango/111013,128.0
Tango/111012,128.0
Tango/111014,128.0
Tango/111107,128.0
Tango/111106,128.0
Tango/111108,128.0
Tango/111333,124.0
Tango/111335,124.0
Tango/111337,124.0
Tango/111334,124.0
Tango/111336,124.0
Tango/111338,124.0
Tango/111415,128.0
Tango/111417,128.0
Tango/111419,128.0
Tango/111416,128.0
Tango/111418,128.0
Tango/111835,128.0
Tango/111837,124.0
Tango/111839,124.0
Tango/111834,128.0
Tango/111836,128.0
Tango/111838,124.0
Tango/111840,128.0
Tango/112007,128.0
Tango/112009,128.0
Tango/112006,128.0
Tango/112008,128.0
Tango/112613,128.0
Tango/112615,128.0
Tango/112617,128.0
Tango/112619,128.0
Tango/112621,128.0
Tango/112614,128.0
Tango/112616,128.0
Tango/112618,128.0
Tango/112620,128.0
Tango/112622,128.0
Tango/112707,128.0
Tango/112709,128.0
Tango/112708,128.0
Tango/112710,128.0
Tango/112835,124.0
Tango/112837,124.0
Tango/112839,124.0
Tango/112834,124.0
Tango/112836,124.0
Tango/112838,124.0
Tango/112840,124.0
Tango/113011,128.0
Tango/113013,128.0
Tango/113015,128.0
Tango/113012,128.0
Tango/113014,128.0
Tango/113113,128.0
Tango/113115,124.0
Tango/113117,128.0
Tango/113112,128.0
Tango/113114,128.0
Tango/113116,128.0
Tango/113307,128.0
Tango/113309,128.0
Tango/113306,128.0
Tango/113308,128.0
Tango/113513,120.0
Tango/113515,124.0
Tango/113517,128.0
Tango/113514,128.0
Tango/113516,128.0
Tango/113735,124.0
Tango/113737,128.0
Tango/113739,124.0
Tango/113734,120.0
Tango/113736,128.0
Tango/113738,124.0
Tango/114007,124.0
Tango/114009,128.0
Tango/114008,128.0
Tango/114010,128.0
Tango/114107,128.0
Tango/114109,128.0
Tango/114108,128.0
Tango/114110,128.0
Tango/114411,128.0
Tango/114413,128.0
Tango/114415,128.0
Tango/114417,128.0
Tango/114419,128.0
Tango/114412,128.0
Tango/114414,128.0
Tango/114416,128.0
Tango/114418,128.0
Tango/114420,128.0
Tango/114713,128.0
Tango/114715,128.0
Tango/114717,128.0
Tango/114719,128.0
Tango/114714,128.0
Tango/114716,128.0
Tango/114718,128.0
Tango/114720,128.0
Tango/114907,128.0
Tango/114909,128.0
Tango/114908,128.0
Tango/114910,128.0
Tango/115001,112.0
Tango/115003,120.0
Tango/115005,120.0
Tango/115007,120.0
Tango/115009,124.0
Tango/115011,124.0
Tango/115013,124.0
Tango/115015,124.0
Tango/115017,128.0
Tango/115019,128.0
Tango/115021,128.0
Tango/115002,112.0
Tango/115004,120.0
Tango/115006,120.0
Tango/115008,124.0
Tango/115010,124.0
Tango/115012,124.0
Tango/115014,124.0
Tango/115016,128.0
Tango/115018,128.0
Tango/115020,128.0
Tango/115022,128.0
Tango/115133,120.0
Tango/115135,120.0
Tango/115137,124.0
Tango/115139,124.0
Tango/115134,120.0
Tango/115136,128.0
Tango/115138,124.0
Tango/115140,124.0
Tango/115313,128.0
Tango/115315,128.0
Tango/115317,128.0
Tango/115319,128.0
Tango/115314,128.0
Tango/115316,128.0
Tango/115318,128.0
Tango/115320,128.0
Tango/115401,120.0
Tango/115403,130.0
Tango/115405,130.0
Tango/115407,124.0
Tango/115409,111.0
Tango/115411,115.0
Tango/115413,120.0
Tango/115415,111.0
Tango/115417,95.0
Tango/115419,98.0
Tango/115421,82.0
Tango/115423,124.0
Tango/115425,124.0
Tango/115427,116.0
Tango/115429,120.0
Tango/115431,114.0
Tango/115433,120.0
Tango/115435,127.0
Tango/115437,124.0
Tango/115439,122.0
Tango/115402,116.0
Tango/115404,113.0
Tango/115406,124.0
Tango/115408,114.0
Tango/115410,120.0
Tango/115412,120.0
Tango/115414,120.0
Tango/115416,128.0
Tango/115418,87.0
Tango/115420,124.0
Tango/115422,117.0
Tango/115424,108.0
Tango/115426,128.0
Tango/115428,116.0
Tango/115430,116.0
Tango/115432,120.0
Tango/115434,124.0
Tango/115436,128.0
Tango/115438,119.0
Tango/115440,124.0
Tango/115735,120.0
Tango/115737,120.0
Tango/115739,124.0
Tango/115734,124.0
Tango/115736,124.0
Tango/115738,124.0
Tango/115740,128.0
Tango/115811,128.0
Tango/115813,128.0
Tango/115815,128.0
Tango/115812,128.0
Tango/115814,128.0
Tango/115816,128.0
Tango/116007,128.0
Tango/116009,128.0
Tango/116008,128.0
Tango/116211,128.0
Tango/116213,128.0
Tango/116215,128.0
Tango/116212,128.0
Tango/116214,128.0
Tango/116216,128.0
Tango/116407,128.0
Tango/116409,128.0
Tango/116411,128.0
Tango/116408,128.0
Tango/116410,128.0
Tango/116501,124.0
Tango/116503,127.0
Tango/116505,119.0
Tango/116507,120.0
Tango/116509,128.0
Tango/116511,120.0
Tango/116513,138.0
Tango/116515,133.0
Tango/116517,135.0
Tango/116519,140.0
Tango/116521,129.0
Tango/116523,134.0
Tango/116525,129.0
Tango/116527,142.0
Tango/116529,151.0
Tango/116502,117.0
Tango/116504,122.0
Tango/116506,120.0
Tango/116508,118.0
Tango/116510,115.0
Tango/116512,124.0
Tango/116514,136.0
Tango/116516,131.0
Tango/116518,125.0
Tango/116520,136.0
Tango/116522,142.0
Tango/116524,125.0
Tango/116526,124.0
Tango/116528,133.0
Tango/116530,129.0
Tango/116536,157.0
Tango/116817,128.0
Tango/116816,128.0
Tango/117331,124.0
Tango/117333,124.0
Tango/117335,128.0
Tango/117337,124.0
Tango/117332,124.0
Tango/117334,120.0
Tango/117336,124.0
Tango/117338,124.0
Tango/117513,128.0
Tango/117515,128.0
Tango/117517,128.0
Tango/117519,128.0
Tango/117514,128.0
Tango/117516,128.0
Tango/117518,128.0
Tango/117520,128.0
Tango/117711,128.0
Tango/117713,128.0
Tango/117715,128.0
Tango/117717,128.0
Tango/117712,128.0
Tango/117714,128.0
Tango/117716,128.0
Tango/117718,128.0
Tango/117913,128.0
Tango/117915,128.0
Tango/117917,128.0
Tango/117919,128.0
Tango/117912,128.0
Tango/117914,128.0
Tango/117916,128.0
Tango/117918,128.0
Tango/118107,128.0
Tango/118109,128.0
Tango/118108,128.0
Tango/118110,128.0
Tango/118311,128.0
Tango/118313,128.0
Tango/118315,128.0
Tango/118317,128.0
Tango/118312,128.0
Tango/118314,128.0
Tango/118316,128.0
Tango/118731,124.0
Tango/118733,128.0
Tango/118735,124.0
Tango/118737,124.0
Tango/118732,124.0
Tango/118734,128.0
Tango/118736,116.0
Tango/118738,124.0
Viennesewaltz/106211,177.0
Viennesewaltz/106213,174.0
Viennesewaltz/106210,174.0
Viennesewaltz/106212,177.0
Viennesewaltz/106509,174.0
Viennesewaltz/106508,174.0
Viennesewaltz/106518,177.0
Viennesewaltz/106619,174.0
Viennesewaltz/106620,177.0
Viennesewaltz/106735,174.0
Viennesewaltz/106737,174.0
Viennesewaltz/106739,177.0
Viennesewaltz/106741,177.0
Viennesewaltz/106734,171.0
Viennesewaltz/106736,174.0
Viennesewaltz/106738,177.0
Viennesewaltz/106740,177.0
Viennesewaltz/107111,174.0
Viennesewaltz/107110,174.0
Viennesewaltz/107112,177.0
Viennesewaltz/107335,168.0
Viennesewaltz/107337,177.0
Viennesewaltz/107339,177.0
Viennesewaltz/107341,177.0
Viennesewaltz/107336,174.0
Viennesewaltz/107338,177.0
Viennesewaltz/107340,177.0
Viennesewaltz/107342,177.0
Viennesewaltz/107733,180.0
Viennesewaltz/107735,180.0
Viennesewaltz/107732,177.0
Viennesewaltz/107734,177.0
Viennesewaltz/107736,180.0
Viennesewaltz/107831,177.0
Viennesewaltz/107833,186.0
Viennesewaltz/107832,180.0
Viennesewaltz/107939,177.0
Viennesewaltz/107941,177.0
Viennesewaltz/107940,177.0
Viennesewaltz/108039,177.0
Viennesewaltz/108041,177.0
Viennesewaltz/108040,177.0
Viennesewaltz/108133,177.0
Viennesewaltz/108132,177.0
Viennesewaltz/108134,180.0
Viennesewaltz/108237,180.0
Viennesewaltz/108239,180.0
Viennesewaltz/108236,180.0
Viennesewaltz/108238,180.0
Viennesewaltz/108331,180.0
Viennesewaltz/108332,180.0
Viennesewaltz/109101,177.0
Viennesewaltz/109103,177.0
Viennesewaltz/109105,177.0
Viennesewaltz/109107,177.0
Viennesewaltz/109109,177.0
Viennesewaltz/109111,177.0
Viennesewaltz/109113,177.0
Viennesewaltz/109115,177.0
Viennesewaltz/109117,177.0
Viennesewaltz/109119,177.0
Viennesewaltz/109102,177.0
Viennesewaltz/109104,177.0
Viennesewaltz/109106,176.0
Viennesewaltz/109108,177.0
Viennesewaltz/109110,177.0
Viennesewaltz/109112,177.0
Viennesewaltz/109114,177.0
Viennesewaltz/109116,177.0
Viennesewaltz/109118,177.0
Viennesewaltz/109120,177.0
Viennesewaltz/109411,174.0
Viennesewaltz/109413,177.0
Viennesewaltz/109412,177.0
Viennesewaltz/109414,174.0
Viennesewaltz/109609,177.0
Viennesewaltz/109611,177.0
Viennesewaltz/109610,174.0
Viennesewaltz/109620,177.0
Viennesewaltz/109909,177.0
Viennesewaltz/109911,177.0
Viennesewaltz/109910,177.0
Viennesewaltz/110439,177.0
Viennesewaltz/110438,177.0
Viennesewaltz/110440,177.0
Viennesewaltz/110511,174.0
Viennesewaltz/110513,177.0
Viennesewaltz/110512,174.0
Viennesewaltz/110617,174.0
Viennesewaltz/110619,177.0
Viennesewaltz/110621,177.0
Viennesewaltz/110618,174.0
Viennesewaltz/110620,177.0
Viennesewaltz/110622,177.0
Viennesewaltz/111109,174.0
Viennesewaltz/111111,177.0
Viennesewaltz/111110,177.0
Viennesewaltz/111112,177.0
Viennesewaltz/111331,177.0
Viennesewaltz/111332,177.0
Viennesewaltz/111421,177.0
Viennesewaltz/111423,174.0
Viennesewaltz/111420,171.0
Viennesewaltz/111422,174.0
Viennesewaltz/111831,174.0
Viennesewaltz/111833,180.0
Viennesewaltz/111832,177.0
Viennesewaltz/112011,177.0
Viennesewaltz/112013,177.0
Viennesewaltz/112010,174.0
Viennesewaltz/112012,174.0
Viennesewaltz/112639,177.0
Viennesewaltz/112641,174.0
Viennesewaltz/112643,174.0
Viennesewaltz/112640,177.0
Viennesewaltz/112642,177.0
Viennesewaltz/112644,84.0
Viennesewaltz/112711,171.0
Viennesewaltz/112713,171.0
Viennesewaltz/112712,177.0
Viennesewaltz/112714,177.0
Viennesewaltz/112832,177.0
Viennesewaltz/113017,174.0
Viennesewaltz/113019,174.0
Viennesewaltz/113016,174.0
Viennesewaltz/113018,177.0
Viennesewaltz/113119,174.0
Viennesewaltz/113121,177.0
Viennesewaltz/113118,177.0
Viennesewaltz/113120,174.0
Viennesewaltz/113311,177.0
Viennesewaltz/113313,174.0
Viennesewaltz/113310,174.0
Viennesewaltz/113312,177.0
Viennesewaltz/113519,177.0
Viennesewaltz/113521,174.0
Viennesewaltz/113518,174.0
Viennesewaltz/113520,174.0
Viennesewaltz/113733,177.0
Viennesewaltz/113732,177.0
Viennesewaltz/114011,171.0
Viennesewaltz/114013,177.0
Viennesewaltz/114012,174.0
Viennesewaltz/114014,177.0
Viennesewaltz/114111,171.0
Viennesewaltz/114113,174.0
Viennesewaltz/114112,177.0
Viennesewaltz/114114,177.0
Viennesewaltz/114737,174.0
Viennesewaltz/114739,174.0
Viennesewaltz/114738,174.0
Viennesewaltz/114740,174.0
Viennesewaltz/114911,171.0
Viennesewaltz/114913,177.0
Viennesewaltz/114912,177.0
Viennesewaltz/114914,177.0
Viennesewaltz/115131,174.0
Viennesewaltz/115132,177.0
Viennesewaltz/115337,174.0
Viennesewaltz/115339,174.0
Viennesewaltz/115336,174.0
Viennesewaltz/115338,174.0
Viennesewaltz/115340,177.0
Viennesewaltz/115731,177.0
Viennesewaltz/115733,177.0
Viennesewaltz/115732,177.0
Viennesewaltz/115817,174.0
Viennesewaltz/115819,177.0
Viennesewaltz/115821,177.0
Viennesewaltz/115818,174.0
Viennesewaltz/115820,177.0
Viennesewaltz/116011,174.0
Viennesewaltz/116010,177.0
Viennesewaltz/116012,177.0
Viennesewaltz/116217,174.0
Viennesewaltz/116219,174.0
Viennesewaltz/116221,174.0
Viennesewaltz/116218,174.0
Viennesewaltz/116220,177.0
Viennesewaltz/116413,174.0
Viennesewaltz/116412,177.0
Viennesewaltz/116414,174.0
Viennesewaltz/116819,171.0
Viennesewaltz/116818,171.0
Viennesewaltz/117339,177.0
Viennesewaltz/117340,177.0
Viennesewaltz/117537,174.0
Viennesewaltz/117539,177.0
Viennesewaltz/117536,171.0
Viennesewaltz/117538,174.0
Viennesewaltz/117540,177.0
Viennesewaltz/117719,174.0
Viennesewaltz/117721,177.0
Viennesewaltz/117720,177.0
Viennesewaltz/117921,177.0
Viennesewaltz/117920,174.0
Viennesewaltz/117922,177.0
Viennesewaltz/118111,174.0
Viennesewaltz/118113,171.0
Viennesewaltz/118112,177.0
Viennesewaltz/118114,174.0
Viennesewaltz/118319,174.0
Viennesewaltz/118321,177.0
Viennesewaltz/118318,177.0
Viennesewaltz/118320,177.0
Viennesewaltz/118322,174.0
Viennesewaltz/112833,177.0
Viennesewaltz/113020,174.0
Viennesewaltz/118739,177.0
Viennesewaltz/118740,177.0
Foxtrot/100611,116.0
Foxtrot/100613,112.0
Foxtrot/100612,116.0
Foxtrot/104213,116.0
Foxtrot/104215,116.0
Foxtrot/104214,112.0
Foxtrot/104311,112.0
Foxtrot/104313,116.0
Foxtrot/104310,112.0
Foxtrot/104312,116.0
Foxtrot/104509,116.0
Foxtrot/104511,116.0
Foxtrot/104513,116.0
Foxtrot/104510,116.0
Foxtrot/104512,116.0
Foxtrot/104713,116.0
Foxtrot/104715,108.0
Foxtrot/104714,116.0
Foxtrot/104813,116.0
Foxtrot/104812,116.0
Foxtrot/104814,116.0
Foxtrot/104911,112.0
Foxtrot/104913,116.0
Foxtrot/104910,112.0
Foxtrot/104912,112.0
Foxtrot/104914,116.0
Foxtrot/105013,112.0
Foxtrot/105015,112.0
Foxtrot/105012,112.0
Foxtrot/105014,116.0
Foxtrot/105513,112.0
Foxtrot/105515,112.0
Foxtrot/105512,112.0
Foxtrot/105514,112.0
Foxtrot/105711,116.0
Foxtrot/105713,112.0
Foxtrot/105712,116.0
Foxtrot/105714,112.0
Foxtrot/105813,112.0
Foxtrot/105815,116.0
Foxtrot/105814,116.0
Foxtrot/105909,112.0
Foxtrot/105908,112.0
Foxtrot/105910,116.0
Foxtrot/106215,112.0
Foxtrot/106217,112.0
Foxtrot/106214,112.0
Foxtrot/106216,112.0
Foxtrot/106511,116.0
Foxtrot/106519,116.0
Foxtrot/106510,116.0
Foxtrot/106512,116.0
Foxtrot/106611,116.0
Foxtrot/106613,116.0
Foxtrot/106610,116.0
Foxtrot/106612,112.0
Foxtrot/106614,116.0
Foxtrot/106719,104.0
Foxtrot/106721,112.0
Foxtrot/106723,112.0
Foxtrot/106725,116.0
Foxtrot/106720,108.0
Foxtrot/106722,112.0
Foxtrot/106724,112.0
Foxtrot/106726,116.0
Foxtrot/107113,116.0
Foxtrot/107115,108.0
Foxtrot/107114,112.0
Foxtrot/107327,116.0
Foxtrot/107329,116.0
Foxtrot/107331,116.0
Foxtrot/107333,116.0
Foxtrot/107326,108.0
Foxtrot/107328,116.0
Foxtrot/107330,116.0
Foxtrot/107332,116.0
Foxtrot/107334,116.0
Foxtrot/107719,116.0
Foxtrot/107721,127.0
Foxtrot/107723,112.0
Foxtrot/107725,116.0
Foxtrot/107727,116.0
Foxtrot/107718,116.0
Foxtrot/107720,116.0
Foxtrot/107722,116.0
Foxtrot/107724,112.0
Foxtrot/107726,116.0
Foxtrot/107821,116.0
Foxtrot/107823,116.0
Foxtrot/107825,116.0
Foxtrot/107827,116.0
Foxtrot/107829,116.0
Foxtrot/107820,116.0
Foxtrot/107822,116.0
Foxtrot/107824,116.0
Foxtrot/107826,116.0
Foxtrot/107828,116.0
Foxtrot/107830,116.0
Foxtrot/107911,116.0
Foxtrot/107913,116.0
Foxtrot/107915,116.0
Foxtrot/107917,116.0
Foxtrot/107919,116.0
Foxtrot/107912,116.0
Foxtrot/107914,116.0
Foxtrot/107916,116.0
Foxtrot/107918,116.0
Foxtrot/108011,116.0
Foxtrot/108013,116.0
Foxtrot/108015,116.0
Foxtrot/108017,116.0
Foxtrot/108019,116.0
Foxtrot/108021,116.0
Foxtrot/108012,108.0
Foxtrot/108014,116.0
Foxtrot/108016,116.0
Foxtrot/108018,116.0
Foxtrot/108020,116.0
Foxtrot/108101,116.0
Foxtrot/108103,116.0
Foxtrot/108105,116.0
Foxtrot/108107,116.0
Foxtrot/108109,116.0
Foxtrot/108111,116.0
Foxtrot/108102,116.0
Foxtrot/108104,116.0
Foxtrot/108106,116.0
Foxtrot/108108,116.0
Foxtrot/108110,116.0
Foxtrot/108211,116.0
Foxtrot/108213,116.0
Foxtrot/108215,116.0
Foxtrot/108217,116.0
Foxtrot/108219,116.0
Foxtrot/108212,116.0
Foxtrot/108214,116.0
Foxtrot/108216,116.0
Foxtrot/108218,116.0
Foxtrot/108220,116.0
Foxtrot/108301,116.0
Foxtrot/108303,116.0
Foxtrot/108305,116.0
Foxtrot/108307,116.0
Foxtrot/108309,116.0
Foxtrot/108302,116.0
Foxtrot/108304,116.0
Foxtrot/108306,116.0
Foxtrot/108308,116.0
Foxtrot/108310,116.0
Foxtrot/109201,116.0
Foxtrot/109203,112.0
Foxtrot/109205,112.0
Foxtrot/109207,112.0
Foxtrot/109209,116.0
Foxtrot/109211,116.0
Foxtrot/109213,116.0
Foxtrot/109215,116.0
Foxtrot/109217,116.0
Foxtrot/109219,116.0
Foxtrot/109202,116.0
Foxtrot/109204,116.0
Foxtrot/109206,116.0
Foxtrot/109208,116.0
Foxtrot/109210,116.0
Foxtrot/109212,116.0
Foxtrot/109214,116.0
Foxtrot/109216,112.0
Foxtrot/109218,116.0
Foxtrot/109220,112.0
Foxtrot/109415,112.0
Foxtrot/109417,116.0
Foxtrot/109416,116.0
Foxtrot/109418,116.0
Foxtrot/109613,112.0
Foxtrot/109621,116.0
Foxtrot/109612,108.0
Foxtrot/109614,116.0
Foxtrot/109913,116.0
Foxtrot/109912,116.0
Foxtrot/109914,116.0
Foxtrot/110201,112.0
Foxtrot/110203,112.0
Foxtrot/110205,116.0
Foxtrot/110207,116.0
Foxtrot/110209,112.0
Foxtrot/110211,112.0
Foxtrot/110213,112.0
Foxtrot/110215,112.0
Foxtrot/110217,116.0
Foxtrot/110219,116.0
Foxtrot/110221,116.0
Foxtrot/110223,116.0
Foxtrot/110225,116.0
Foxtrot/110227,116.0
Foxtrot/110229,116.0
Foxtrot/110231,116.0
Foxtrot/110233,116.0
Foxtrot/110202,112.0
Foxtrot/110204,116.0
Foxtrot/110206,116.0
Foxtrot/110208,116.0
Foxtrot/110210,112.0
Foxtrot/110212,112.0
Foxtrot/110214,112.0
Foxtrot/110216,116.0
Foxtrot/110218,116.0
Foxtrot/110220,112.0
Foxtrot/110222,116.0
Foxtrot/110224,116.0
Foxtrot/110226,116.0
Foxtrot/110228,116.0
Foxtrot/110230,116.0
Foxtrot/110232,116.0
Foxtrot/110401,116.0
Foxtrot/110403,116.0
Foxtrot/110405,116.0
Foxtrot/110407,116.0
Foxtrot/110409,116.0
Foxtrot/110402,116.0
Foxtrot/110404,116.0
Foxtrot/110406,116.0
Foxtrot/110408,116.0
Foxtrot/110410,116.0
Foxtrot/110515,116.0
Foxtrot/110514,112.0
Foxtrot/110516,112.0
Foxtrot/110623,112.0
Foxtrot/110625,112.0
Foxtrot/110627,112.0
Foxtrot/110629,116.0
Foxtrot/110631,116.0
Foxtrot/110624,112.0
Foxtrot/110626,116.0
Foxtrot/110628,112.0
Foxtrot/110630,112.0
Foxtrot/111113,112.0
Foxtrot/111115,116.0
Foxtrot/111114,112.0
Foxtrot/111116,116.0
Foxtrot/111301,116.0
Foxtrot/111303,116.0
Foxtrot/111305,116.0
Foxtrot/111307,116.0
Foxtrot/111309,116.0
Foxtrot/111302,116.0
Foxtrot/111304,116.0
Foxtrot/111306,116.0
Foxtrot/111308,116.0
Foxtrot/111310,116.0
Foxtrot/111425,112.0
Foxtrot/111427,116.0
Foxtrot/111429,116.0
Foxtrot/111424,96.0
Foxtrot/111426,116.0
Foxtrot/111428,116.0
Foxtrot/111430,116.0
Foxtrot/111801,116.0
Foxtrot/111803,116.0
Foxtrot/111805,116.0
Foxtrot/111807,116.0
Foxtrot/111809,116.0
Foxtrot/111802,116.0
Foxtrot/111804,116.0
Foxtrot/111806,116.0
Foxtrot/111808,116.0
Foxtrot/111810,116.0
Foxtrot/112015,112.0
Foxtrot/112017,116.0
Foxtrot/112014,116.0
Foxtrot/112016,112.0
Foxtrot/112018,116.0
Foxtrot/112623,112.0
Foxtrot/112625,116.0
Foxtrot/112627,112.0
Foxtrot/112629,116.0
Foxtrot/112631,108.0
Foxtrot/112624,116.0
Foxtrot/112626,116.0
Foxtrot/112628,108.0
Foxtrot/112630,116.0
Foxtrot/112632,112.0
Foxtrot/112715,116.0
Foxtrot/112717,116.0
Foxtrot/112716,112.0
Foxtrot/112718,116.0
Foxtrot/112801,116.0
Foxtrot/112803,116.0
Foxtrot/112805,116.0
Foxtrot/112807,116.0
Foxtrot/112809,116.0
Foxtrot/112811,116.0
Foxtrot/112802,116.0
Foxtrot/112804,116.0
Foxtrot/112806,116.0
Foxtrot/112808,116.0
Foxtrot/112810,116.0
Foxtrot/113021,116.0
Foxtrot/113023,116.0
Foxtrot/113025,116.0
Foxtrot/113027,116.0
Foxtrot/113029,116.0
Foxtrot/113031,112.0
Foxtrot/113022,112.0
Foxtrot/113024,116.0
Foxtrot/113026,116.0
Foxtrot/113028,112.0
Foxtrot/113030,116.0
Foxtrot/113123,108.0
Foxtrot/113125,112.0
Foxtrot/113127,112.0
Foxtrot/113129,116.0
Foxtrot/113131,112.0
Foxtrot/113122,112.0
Foxtrot/113124,112.0
Foxtrot/113126,112.0
Foxtrot/113128,112.0
Foxtrot/113130,116.0
Foxtrot/113315,116.0
Foxtrot/113317,116.0
Foxtrot/113314,112.0
Foxtrot/113316,116.0
Foxtrot/113318,116.0
Foxtrot/113523,112.0
Foxtrot/113525,116.0
Foxtrot/113527,112.0
Foxtrot/113529,112.0
Foxtrot/113531,116.0
Foxtrot/113522,112.0
Foxtrot/113524,112.0
Foxtrot/113526,116.0
Foxtrot/113528,116.0
Foxtrot/113530,116.0
Foxtrot/113532,112.0
Foxtrot/113701,116.0
Foxtrot/113703,116.0
Foxtrot/113705,116.0
Foxtrot/113707,116.0
Foxtrot/113709,116.0
Foxtrot/113702,116.0
Foxtrot/113704,116.0
Foxtrot/113706,116.0
Foxtrot/113708,116.0
Foxtrot/113710,116.0
Foxtrot/114015,112.0
Foxtrot/114017,112.0
Foxtrot/114016,116.0
Foxtrot/114018,116.0
Foxtrot/114115,112.0
Foxtrot/114117,116.0
Foxtrot/114119,116.0
Foxtrot/114116,116.0
Foxtrot/114118,116.0
Foxtrot/114421,92.0
Foxtrot/114423,116.0
Foxtrot/114425,112.0
Foxtrot/114427,116.0
Foxtrot/114429,116.0
Foxtrot/114422,112.0
Foxtrot/114424,112.0
Foxtrot/114426,112.0
Foxtrot/114428,116.0
Foxtrot/114721,112.0
Foxtrot/114723,116.0
Foxtrot/114725,116.0
Foxtrot/114727,116.0
Foxtrot/114722,112.0
Foxtrot/114724,116.0
Foxtrot/114726,116.0
Foxtrot/114915,112.0
Foxtrot/114917,112.0
Foxtrot/114919,112.0
Foxtrot/114916,112.0
Foxtrot/114918,112.0
Foxtrot/115101,116.0
Foxtrot/115103,116.0
Foxtrot/115105,116.0
Foxtrot/115107,116.0
Foxtrot/115109,116.0
Foxtrot/115102,116.0
Foxtrot/115104,116.0
Foxtrot/115106,116.0
Foxtrot/115108,116.0
Foxtrot/115110,116.0
Foxtrot/115321,112.0
Foxtrot/115323,112.0
Foxtrot/115325,112.0
Foxtrot/115327,116.0
Foxtrot/115322,112.0
Foxtrot/115324,116.0
Foxtrot/115326,116.0
Foxtrot/115701,116.0
Foxtrot/115703,116.0
Foxtrot/115705,116.0
Foxtrot/115707,116.0
Foxtrot/115709,116.0
Foxtrot/115702,116.0
Foxtrot/115704,116.0
Foxtrot/115706,116.0
Foxtrot/115708,116.0
Foxtrot/115710,116.0
Foxtrot/115823,112.0
Foxtrot/115825,116.0
Foxtrot/115827,116.0
Foxtrot/115829,116.0
Foxtrot/115831,116.0
Foxtrot/115822,112.0
Foxtrot/115824,116.0
Foxtrot/115826,116.0
Foxtrot/115828,116.0
Foxtrot/115830,116.0
Foxtrot/115832,116.0
Foxtrot/116013,112.0
Foxtrot/116015,116.0
Foxtrot/116014,116.0
Foxtrot/116016,116.0
Foxtrot/116223,116.0
Foxtrot/116225,116.0
Foxtrot/116227,112.0
Foxtrot/116229,112.0
Foxtrot/116231,116.0
Foxtrot/116222,116.0
Foxtrot/116224,112.0
Foxtrot/116226,112.0
Foxtrot/116228,116.0
Foxtrot/116230,116.0
Foxtrot/116415,116.0
Foxtrot/116417,116.0
Foxtrot/116419,112.0
Foxtrot/116416,112.0
Foxtrot/116418,112.0
Foxtrot/116821,116.0
Foxtrot/116820,116.0
Foxtrot/117311,116.0
Foxtrot/117313,116.0
Foxtrot/117315,116.0
Foxtrot/117317,116.0
Foxtrot/117319,116.0
Foxtrot/117312,116.0
Foxtrot/117314,116.0
Foxtrot/117316,116.0
Foxtrot/117318,116.0
Foxtrot/117320,116.0
Foxtrot/117521,112.0
Foxtrot/117523,112.0
Foxtrot/117525,112.0
Foxtrot/117527,112.0
Foxtrot/117522,112.0
Foxtrot/117524,112.0
Foxtrot/117526,112.0
Foxtrot/117528,112.0
Foxtrot/117723,112.0
Foxtrot/117725,112.0
Foxtrot/117727,112.0
Foxtrot/117729,116.0
Foxtrot/117731,116.0
Foxtrot/117722,112.0
Foxtrot/117724,108.0
Foxtrot/117726,112.0
Foxtrot/117728,116.0
Foxtrot/117730,116.0
Foxtrot/117732,116.0
Foxtrot/117923,112.0
Foxtrot/117925,112.0
Foxtrot/117927,116.0
Foxtrot/117929,116.0
Foxtrot/117931,112.0
Foxtrot/117933,108.0
Foxtrot/117924,116.0
Foxtrot/117926,112.0
Foxtrot/117928,112.0
Foxtrot/117930,112.0
Foxtrot/117932,108.0
Foxtrot/117934,112.0
Foxtrot/118115,116.0
Foxtrot/118117,112.0
Foxtrot/118116,116.0
Foxtrot/118118,116.0
Foxtrot/118323,116.0
Foxtrot/118325,116.0
Foxtrot/118327,114.0
Foxtrot/118329,111.0
Foxtrot/118331,112.0
Foxtrot/118333,112.0
Foxtrot/118324,116.0
Foxtrot/118326,112.0
Foxtrot/118328,112.0
Foxtrot/118330,112.0
Foxtrot/118332,110.0
Foxtrot/118701,120.0
Foxtrot/118703,116.0
Foxtrot/118705,116.0
Foxtrot/118707,116.0
Foxtrot/118709,116.0
Foxtrot/118702,116.0
Foxtrot/118704,116.0
Foxtrot/118706,116.0
Foxtrot/118708,116.0
Foxtrot/118710,116.0
Quickstep/106219,204.0
Quickstep/106221,204.0
Quickstep/106218,200.0
Quickstep/106220,204.0
Quickstep/106222,204.0
Quickstep/106513,200.0
Quickstep/106515,200.0
Quickstep/106514,200.0
Quickstep/106520,204.0
Quickstep/106615,200.0
Quickstep/106617,200.0
Quickstep/106616,204.0
Quickstep/106618,200.0
Quickstep/106727,196.0
Quickstep/106729,200.0
Quickstep/106731,204.0
Quickstep/106733,208.0
Quickstep/106728,200.0
Quickstep/106730,200.0
Quickstep/106732,204.0
Quickstep/107117,204.0
Quickstep/107116,204.0
Quickstep/107343,204.0
Quickstep/107345,204.0
Quickstep/107347,200.0
Quickstep/107349,200.0
Quickstep/107344,204.0
Quickstep/107346,200.0
Quickstep/107348,200.0
Quickstep/107350,200.0
Quickstep/107711,208.0
Quickstep/107713,208.0
Quickstep/107715,204.0
Quickstep/107717,208.0
Quickstep/107712,208.0
Quickstep/107714,208.0
Quickstep/107716,204.0
Quickstep/107811,192.0
Quickstep/107813,200.0
Quickstep/107815,200.0
Quickstep/107817,200.0
Quickstep/107819,200.0
Quickstep/107812,196.0
Quickstep/107814,200.0
Quickstep/107816,200.0
Quickstep/107818,200.0
Quickstep/107901,200.0
Quickstep/107903,200.0
Quickstep/107905,200.0
Quickstep/107907,200.0
Quickstep/107909,200.0
Quickstep/107902,200.0
Quickstep/107904,200.0
Quickstep/107906,200.0
Quickstep/107908,200.0
Quickstep/107910,200.0
Quickstep/108001,200.0
Quickstep/108003,204.0
Quickstep/108005,204.0
Quickstep/108007,204.0
Quickstep/108009,200.0
Quickstep/108002,200.0
Quickstep/108004,200.0
Quickstep/108006,200.0
Quickstep/108008,204.0
Quickstep/108010,200.0
Quickstep/108113,200.0
Quickstep/108115,200.0
Quickstep/108117,200.0
Quickstep/108119,204.0
Quickstep/108121,204.0
Quickstep/108112,200.0
Quickstep/108114,200.0
Quickstep/108116,200.0
Quickstep/108118,204.0
Quickstep/108120,200.0
Quickstep/108201,200.0
Quickstep/108203,200.0
Quickstep/108205,204.0
Quickstep/108207,200.0
Quickstep/108209,200.0
Quickstep/108202,200.0
Quickstep/108204,200.0
Quickstep/108206,200.0
Quickstep/108208,200.0
Quickstep/108210,204.0
Quickstep/108311,200.0
Quickstep/108313,200.0
Quickstep/108315,200.0
Quickstep/108317,200.0
Quickstep/108319,200.0
Quickstep/108312,200.0
Quickstep/108314,200.0
Quickstep/108316,200.0
Quickstep/108318,200.0
Quickstep/108320,200.0
Quickstep/109301,200.0
Quickstep/109303,200.0
Quickstep/109305,200.0
Quickstep/109307,200.0
Quickstep/109309,200.0
Quickstep/109311,200.0
Quickstep/109313,200.0
Quickstep/109315,204.0
Quickstep/109317,200.0
Quickstep/109319,200.0
Quickstep/109321,200.0
Quickstep/109302,200.0
Quickstep/109304,200.0
Quickstep/109306,200.0
Quickstep/109308,200.0
Quickstep/109310,200.0
Quickstep/109312,204.0
Quickstep/109314,204.0
Quickstep/109316,200.0
Quickstep/109318,204.0
Quickstep/109320,204.0
Quickstep/109419,200.0
Quickstep/109421,204.0
Quickstep/109420,204.0
Quickstep/109615,204.0
Quickstep/109617,200.0
Quickstep/109616,204.0
Quickstep/109622,200.0
Quickstep/109915,200.0
Quickstep/109917,204.0
Quickstep/109916,200.0
Quickstep/109918,204.0
Quickstep/110301,200.0
Quickstep/110303,200.0
Quickstep/110305,200.0
Quickstep/110307,200.0
Quickstep/110309,200.0
Quickstep/110311,200.0
Quickstep/110313,200.0
Quickstep/110315,200.0
Quickstep/110317,200.0
Quickstep/110319,200.0
Quickstep/110321,200.0
Quickstep/110323,200.0
Quickstep/110325,200.0
Quickstep/110327,200.0
Quickstep/110329,200.0
Quickstep/110331,200.0
Quickstep/110333,200.0
Quickstep/110335,200.0
Quickstep/110337,200.0
Quickstep/110339,200.0
Quickstep/110302,200.0
Quickstep/110304,200.0
Quickstep/110306,200.0
Quickstep/110308,200.0
Quickstep/110310,200.0
Quickstep/110312,200.0
Quickstep/110314,200.0
Quickstep/110316,200.0
Quickstep/110318,200.0
Quickstep/110320,200.0
Quickstep/110322,200.0
Quickstep/110324,200.0
Quickstep/110326,200.0
Quickstep/110328,200.0
Quickstep/110330,200.0
Quickstep/110332,200.0
Quickstep/110334,200.0
Quickstep/110336,200.0
Quickstep/110338,200.0
Quickstep/110411,200.0
Quickstep/110413,196.0
Quickstep/110415,196.0
Quickstep/110417,200.0
Quickstep/110419,200.0
Quickstep/110412,196.0
Quickstep/110414,200.0
Quickstep/110416,200.0
Quickstep/110418,196.0
Quickstep/110420,200.0
Quickstep/110517,200.0
Quickstep/110519,204.0
Quickstep/110518,204.0
Quickstep/110520,204.0
Quickstep/110633,200.0
Quickstep/110635,200.0
Quickstep/110637,204.0
Quickstep/110639,200.0
Quickstep/110641,204.0
Quickstep/110632,204.0
Quickstep/110634,200.0
Quickstep/110636,200.0
Quickstep/110638,200.0
Quickstep/110640,200.0
Quickstep/111117,204.0
Quickstep/111119,200.0
Quickstep/111118,204.0
Quickstep/111120,204.0
Quickstep/111311,200.0
Quickstep/111313,200.0
Quickstep/111315,200.0
Quickstep/111317,200.0
Quickstep/111319,200.0
Quickstep/111312,200.0
Quickstep/111314,200.0
Quickstep/111316,200.0
Quickstep/111318,200.0
Quickstep/111320,200.0
Quickstep/111431,204.0
Quickstep/111433,200.0
Quickstep/111435,200.0
Quickstep/111437,204.0
Quickstep/111432,204.0
Quickstep/111434,204.0
Quickstep/111436,204.0
Quickstep/111438,200.0
Quickstep/111811,200.0
Quickstep/111813,200.0
Quickstep/111815,200.0
Quickstep/111817,200.0
Quickstep/111819,200.0
Quickstep/111812,200.0
Quickstep/111814,200.0
Quickstep/111816,200.0
Quickstep/111818,200.0
Quickstep/111820,200.0
Quickstep/112019,200.0
Quickstep/112021,200.0
Quickstep/112020,200.0
Quickstep/112022,200.0
Quickstep/112633,200.0
Quickstep/112635,200.0
Quickstep/112637,200.0
Quickstep/112634,200.0
Quickstep/112636,200.0
Quickstep/112638,200.0
Quickstep/112719,200.0
Quickstep/112721,204.0
Quickstep/112720,204.0
Quickstep/112722,204.0
Quickstep/112813,200.0
Quickstep/112815,200.0
Quickstep/112817,200.0
Quickstep/112819,200.0
Quickstep/112821,200.0
Quickstep/112812,200.0
Quickstep/112814,196.0
Quickstep/112816,200.0
Quickstep/112818,200.0
Quickstep/112820,200.0
Quickstep/113033,200.0
Quickstep/113035,204.0
Quickstep/113037,204.0
Quickstep/113039,200.0
Quickstep/113032,200.0
Quickstep/113034,204.0
Quickstep/113036,204.0
Quickstep/113038,200.0
Quickstep/113040,204.0
Quickstep/113133,200.0
Quickstep/113135,200.0
Quickstep/113137,204.0
Quickstep/113139,200.0
Quickstep/113141,196.0
Quickstep/113132,196.0
Quickstep/113134,204.0
Quickstep/113136,200.0
Quickstep/113138,200.0
Quickstep/113140,200.0
Quickstep/113319,200.0
Quickstep/113321,200.0
Quickstep/113322,200.0
Quickstep/113533,196.0
Quickstep/113535,204.0
Quickstep/113537,200.0
Quickstep/113539,204.0
Quickstep/113541,204.0
Quickstep/113534,200.0
Quickstep/113536,204.0
Quickstep/113538,200.0
Quickstep/113540,200.0
Quickstep/113711,200.0
Quickstep/113713,200.0
Quickstep/113715,200.0
Quickstep/113717,200.0
Quickstep/113719,200.0
Quickstep/113721,200.0
Quickstep/113712,200.0
Quickstep/113714,200.0
Quickstep/113716,200.0
Quickstep/113718,200.0
Quickstep/113720,200.0
Quickstep/114019,200.0
Quickstep/114021,200.0
Quickstep/114020,200.0
Quickstep/114022,200.0
Quickstep/114121,200.0
Quickstep/114123,200.0
Quickstep/114120,200.0
Quickstep/114122,200.0
Quickstep/114124,200.0
Quickstep/114431,200.0
Quickstep/114433,200.0
Quickstep/114435,200.0
Quickstep/114437,200.0
Quickstep/114439,177.0
Quickstep/114430,200.0
Quickstep/114432,200.0
Quickstep/114434,200.0
Quickstep/114436,200.0
Quickstep/114438,174.0
Quickstep/114440,177.0
Quickstep/114729,200.0
Quickstep/114731,200.0
Quickstep/114733,200.0
Quickstep/114735,200.0
Quickstep/114728,200.0
Quickstep/114730,200.0
Quickstep/114732,200.0
Quickstep/114734,200.0
Quickstep/114736,200.0
Quickstep/114921,200.0
Quickstep/114923,200.0
Quickstep/114920,200.0
Quickstep/114922,200.0
Quickstep/114924,200.0
Quickstep/115111,200.0
Quickstep/115113,196.0
Quickstep/115115,204.0
Quickstep/115117,200.0
Quickstep/115119,200.0
Quickstep/115112,200.0
Quickstep/115114,200.0
Quickstep/115116,196.0
Quickstep/115118,200.0
Quickstep/115120,200.0
Quickstep/115329,200.0
Quickstep/115331,200.0
Quickstep/115333,200.0
Quickstep/115335,200.0
Quickstep/115328,200.0
Quickstep/115330,200.0
Quickstep/115332,200.0
Quickstep/115334,200.0
Quickstep/115711,208.0
Quickstep/115713,216.0
Quickstep/115715,200.0
Quickstep/115717,200.0
Quickstep/115719,200.0
Quickstep/115712,204.0
Quickstep/115714,204.0
Quickstep/115716,200.0
Quickstep/115718,200.0
Quickstep/115720,200.0
Quickstep/115833,200.0
Quickstep/115835,200.0
Quickstep/115837,200.0
Quickstep/115839,200.0
Quickstep/115841,200.0
Quickstep/115834,200.0
Quickstep/115836,200.0
Quickstep/115838,200.0
Quickstep/115840,200.0
Quickstep/115842,204.0
Quickstep/116017,200.0
Quickstep/116019,200.0
Quickstep/116021,200.0
Quickstep/116018,200.0
Quickstep/116020,200.0
Quickstep/116233,200.0
Quickstep/116235,200.0
Quickstep/116237,200.0
Quickstep/116239,200.0
Quickstep/116241,200.0
Quickstep/116232,200.0
Quickstep/116234,200.0
Quickstep/116236,200.0
Quickstep/116238,200.0
Quickstep/116240,200.0
Quickstep/116421,200.0
Quickstep/116423,200.0
Quickstep/116420,200.0
Quickstep/116422,200.0
Quickstep/116424,200.0
Quickstep/116823,200.0
Quickstep/116822,204.0
Quickstep/116824,200.0
Quickstep/117301,200.0
Quickstep/117303,200.0
Quickstep/117305,204.0
Quickstep/117307,200.0
Quickstep/117309,200.0
Quickstep/117302,200.0
Quickstep/117304,204.0
Quickstep/117306,200.0
Quickstep/117308,200.0
Quickstep/117310,200.0
Quickstep/117529,200.0
Quickstep/117531,200.0
Quickstep/117533,200.0
Quickstep/117535,200.0
Quickstep/117530,200.0
Quickstep/117532,200.0
Quickstep/117534,200.0
Quickstep/117733,200.0
Quickstep/117735,200.0
Quickstep/117737,200.0
Quickstep/117739,200.0
Quickstep/117741,200.0
Quickstep/117734,200.0
Quickstep/117736,200.0
Quickstep/117738,200.0
Quickstep/117740,200.0
Quickstep/117935,200.0
Quickstep/117937,200.0
Quickstep/117939,200.0
Quickstep/117941,200.0
Quickstep/117943,200.0
Quickstep/117936,200.0
Quickstep/117938,200.0
Quickstep/117940,200.0
Quickstep/117942,200.0
Quickstep/117944,200.0
Quickstep/118119,200.0
Quickstep/118121,200.0
Quickstep/118123,200.0
Quickstep/118120,200.0
Quickstep/118122,200.0
Quickstep/118335,200.0
Quickstep/118337,200.0
Quickstep/118339,200.0
Quickstep/118341,200.0
Quickstep/118343,200.0
Quickstep/118334,200.0
Quickstep/118336,200.0
Quickstep/118338,200.0
Quickstep/118340,200.0
Quickstep/118342,200.0
Quickstep/118711,200.0
Quickstep/118713,200.0
Quickstep/118715,204.0
Quickstep/118717,200.0
Quickstep/118719,200.0
Quickstep/118712,204.0
Quickstep/118714,204.0
Quickstep/118716,204.0
Quickstep/118718,200.0
Quickstep/118720,204.0
Chacha/100805,124.0
Chacha/100807,124.0
Chacha/100806,124.0
Chacha/100808,124.0
Chacha/106307,124.0
Chacha/106309,124.0
Chacha/106306,124.0
Chacha/106308,124.0
Chacha/106310,124.0
Chacha/106807,100.0
Chacha/106809,124.0
Chacha/106811,124.0
Chacha/106808,124.0
Chacha/106810,124.0
Chacha/107005,120.0
Chacha/107007,124.0
Chacha/107006,124.0
Chacha/107008,124.0
Chacha/107205,124.0
Chacha/107207,124.0
Chacha/107217,96.0
Chacha/107221,128.0
Chacha/107204,124.0
Chacha/107206,124.0
Chacha/107216,92.0
Chacha/107501,128.0
Chacha/107503,128.0
Chacha/107502,128.0
Chacha/107611,100.0
Chacha/107613,108.0
Chacha/107615,116.0
Chacha/107617,120.0
Chacha/107619,124.0
Chacha/107621,124.0
Chacha/107612,100.0
Chacha/107614,112.0
Chacha/107616,116.0
Chacha/107618,124.0
Chacha/107620,124.0
Chacha/107622,124.0
Chacha/108421,128.0
Chacha/108423,124.0
Chacha/108425,128.0
Chacha/108427,128.0
Chacha/108420,128.0
Chacha/108422,128.0
Chacha/108424,124.0
Chacha/108426,128.0
Chacha/108428,124.0
Chacha/108511,124.0
Chacha/108513,124.0
Chacha/108515,117.0
Chacha/108517,124.0
Chacha/108519,124.0
Chacha/108537,124.0
Chacha/108512,124.0
Chacha/108514,124.0
Chacha/108516,124.0
Chacha/108518,124.0
Chacha/108520,120.0
Chacha/108601,120.0
Chacha/108603,124.0
Chacha/108605,124.0
Chacha/108607,124.0
Chacha/108609,124.0
Chacha/108602,124.0
Chacha/108604,124.0
Chacha/108606,120.0
Chacha/108608,124.0
Chacha/108610,124.0
Chacha/108701,124.0
Chacha/108703,124.0
Chacha/108705,124.0
Chacha/108707,124.0
Chacha/108709,124.0
Chacha/108702,124.0
Chacha/108704,120.0
Chacha/108706,124.0
Chacha/108708,124.0
Chacha/108710,124.0
Chacha/108811,124.0
Chacha/108813,124.0
Chacha/108815,124.0
Chacha/108817,124.0
Chacha/108819,124.0
Chacha/108812,124.0
Chacha/108814,120.0
Chacha/108816,124.0
Chacha/108818,124.0
Chacha/108820,124.0
Chacha/109705,120.0
Chacha/109707,124.0
Chacha/109717,100.0
Chacha/109706,124.0
Chacha/109708,124.0
Chacha/109813,124.0
Chacha/109815,124.0
Chacha/109817,128.0
Chacha/109819,124.0
Chacha/109821,120.0
Chacha/109812,124.0
Chacha/109814,120.0
Chacha/109816,124.0
Chacha/109818,124.0
Chacha/109820,124.0
Chacha/110007,124.0
Chacha/110009,124.0
Chacha/110011,124.0
Chacha/110008,124.0
Chacha/110010,124.0
Chacha/110709,120.0
Chacha/110711,124.0
Chacha/110713,124.0
Chacha/110715,124.0
Chacha/110717,124.0
Chacha/110719,124.0
Chacha/110710,124.0
Chacha/110712,124.0
Chacha/110714,124.0
Chacha/110716,124.0
Chacha/110718,124.0
Chacha/110801,92.0
Chacha/110803,120.0
Chacha/110805,124.0
Chacha/110807,124.0
Chacha/110809,124.0
Chacha/110811,124.0
Chacha/110802,96.0
Chacha/110804,124.0
Chacha/110806,124.0
Chacha/110808,124.0
Chacha/110810,124.0
Chacha/110907,124.0
Chacha/110909,124.0
Chacha/110911,124.0
Chacha/110908,124.0
Chacha/110910,124.0
Chacha/110912,124.0
Chacha/111213,124.0
Chacha/111215,124.0
Chacha/111217,124.0
Chacha/111219,124.0
Chacha/111221,124.0
Chacha/111212,124.0
Chacha/111214,124.0
Chacha/111216,120.0
Chacha/111218,124.0
Chacha/111220,120.0
Chacha/111222,124.0
Chacha/111513,124.0
Chacha/111515,124.0
Chacha/111517,124.0
Chacha/111519,124.0
Chacha/111521,124.0
Chacha/111512,104.0
Chacha/111514,124.0
Chacha/111516,124.0
Chacha/111518,124.0
Chacha/111520,124.0
Chacha/111522,124.0
Chacha/111607,124.0
Chacha/111609,124.0
Chacha/111611,124.0
Chacha/111608,124.0
Chacha/111610,124.0
Chacha/111612,124.0
Chacha/111705,120.0
Chacha/111707,124.0
Chacha/111719,104.0
Chacha/111706,120.0
Chacha/111708,124.0
Chacha/111911,124.0
Chacha/111913,120.0
Chacha/111915,124.0
Chacha/111917,120.0
Chacha/111919,124.0
Chacha/111912,124.0
Chacha/111914,124.0
Chacha/111916,124.0
Chacha/111918,120.0
Chacha/111920,124.0
Chacha/112107,124.0
Chacha/112109,124.0
Chacha/112111,124.0
Chacha/112106,96.0
Chacha/112108,124.0
Chacha/112110,124.0
Chacha/112211,124.0
Chacha/112213,124.0
Chacha/112210,124.0
Chacha/112212,124.0
Chacha/112220,104.0
Chacha/112307,124.0
Chacha/112309,124.0
Chacha/112311,124.0
Chacha/112308,124.0
Chacha/112310,124.0
Chacha/112312,124.0
Chacha/112413,116.0
Chacha/112415,120.0
Chacha/112417,124.0
Chacha/112419,124.0
Chacha/112421,124.0
Chacha/112412,116.0
Chacha/112414,120.0
Chacha/112416,124.0
Chacha/112418,124.0
Chacha/112420,124.0
Chacha/112501,124.0
Chacha/112503,120.0
Chacha/112505,117.0
Chacha/112507,125.0
Chacha/112509,120.0
Chacha/112502,124.0
Chacha/112504,124.0
Chacha/112506,123.0
Chacha/112508,125.0
Chacha/112510,120.0
Chacha/112901,124.0
Chacha/112903,124.0
Chacha/112905,124.0
Chacha/112907,124.0
Chacha/112909,124.0
Chacha/112937,124.0
Chacha/112902,124.0
Chacha/112904,124.0
Chacha/112906,124.0
Chacha/112908,120.0
Chacha/112910,124.0
Chacha/112938,124.0
Chacha/113207,124.0
Chacha/113209,124.0
Chacha/113211,124.0
Chacha/113208,124.0
Chacha/113210,124.0
Chacha/113407,104.0
Chacha/113409,120.0
Chacha/113411,124.0
Chacha/113408,120.0
Chacha/113410,124.0
Chacha/113613,124.0
Chacha/113615,124.0
Chacha/113617,124.0
Chacha/113619,124.0
Chacha/113621,124.0
Chacha/113612,120.0
Chacha/113614,124.0
Chacha/113616,124.0
Chacha/113618,124.0
Chacha/113620,124.0
Chacha/113622,124.0
Chacha/113801,124.0
Chacha/113803,124.0
Chacha/113805,124.0
Chacha/113807,124.0
Chacha/113809,124.0
Chacha/113802,124.0
Chacha/113804,124.0
Chacha/113806,124.0
Chacha/113808,124.0
Chacha/113810,120.0
Chacha/113911,120.0
Chacha/113913,124.0
Chacha/113915,124.0
Chacha/113917,124.0
Chacha/113919,124.0
Chacha/113921,124.0
Chacha/113912,120.0
Chacha/113914,124.0
Chacha/113916,124.0
Chacha/113918,124.0
Chacha/113920,124.0
Chacha/113922,124.0
Chacha/114309,124.0
Chacha/114311,124.0
Chacha/114313,124.0
Chacha/114308,120.0
Chacha/114310,124.0
Chacha/114312,124.0
Chacha/114507,124.0
Chacha/114509,124.0
Chacha/114511,124.0
Chacha/114508,124.0
Chacha/114510,124.0
Chacha/114512,124.0
Chacha/114811,124.0
Chacha/114813,124.0
Chacha/114815,124.0
Chacha/114817,124.0
Chacha/114819,124.0
Chacha/114812,124.0
Chacha/114814,124.0
Chacha/114816,124.0
Chacha/114818,124.0
Chacha/114820,124.0
Chacha/115201,124.0
Chacha/115203,124.0
Chacha/115205,124.0
Chacha/115207,124.0
Chacha/115209,124.0
Chacha/115202,124.0
Chacha/115204,124.0
Chacha/115206,124.0
Chacha/115208,124.0
Chacha/115210,124.0
Chacha/115601,124.0
Chacha/115603,124.0
Chacha/115605,124.0
Chacha/115607,124.0
Chacha/115609,124.0
Chacha/115602,124.0
Chacha/115604,124.0
Chacha/115606,124.0
Chacha/115608,124.0
Chacha/115610,120.0
Chacha/115913,124.0
Chacha/115915,124.0
Chacha/115917,124.0
Chacha/115919,124.0
Chacha/115921,124.0
Chacha/115914,124.0
Chacha/115916,124.0
Chacha/115918,124.0
Chacha/115920,124.0
Chacha/116111,120.0
Chacha/116113,120.0
Chacha/116115,124.0
Chacha/116117,124.0
Chacha/116119,124.0
Chacha/116121,124.0
Chacha/116112,120.0
Chacha/116114,124.0
Chacha/116116,124.0
Chacha/116118,124.0
Chacha/116120,124.0
Chacha/116307,124.0
Chacha/116309,124.0
Chacha/116311,124.0
Chacha/116308,124.0
Chacha/116310,124.0
Chacha/116312,124.0
Chacha/116707,124.0
Chacha/116709,124.0
Chacha/116706,124.0
Chacha/116708,124.0
Chacha/116710,124.0
Chacha/116805,124.0
Chacha/116804,124.0
Chacha/116806,124.0
Chacha/117107,124.0
Chacha/117109,124.0
Chacha/117111,124.0
Chacha/117113,124.0
Chacha/117108,124.0
Chacha/117110,124.0
Chacha/117112,124.0
Chacha/117208,120.0
Chacha/117218,120.0
Chacha/117411,120.0
Chacha/117413,124.0
Chacha/117415,124.0
Chacha/117417,124.0
Chacha/117419,124.0
Chacha/117412,124.0
Chacha/117414,124.0
Chacha/117416,124.0
Chacha/117418,124.0
Chacha/117420,124.0
Chacha/117609,124.0
Chacha/117611,124.0
Chacha/117613,124.0
Chacha/117608,124.0
Chacha/117610,124.0
Chacha/117612,124.0
Chacha/117614,124.0
Chacha/117811,124.0
Chacha/117813,124.0
Chacha/117815,124.0
Chacha/117817,124.0
Chacha/117819,124.0
Chacha/117812,124.0
Chacha/117814,124.0
Chacha/117816,124.0
Chacha/117818,124.0
Chacha/117820,124.0
Chacha/118001,124.0
Chacha/118003,124.0
Chacha/118005,124.0
Chacha/118007,124.0
Chacha/118009,120.0
Chacha/118002,124.0
Chacha/118004,124.0
Chacha/118006,124.0
Chacha/118008,120.0
Chacha/118010,124.0
Chacha/118411,124.0
Chacha/118413,124.0
Chacha/118415,124.0
Chacha/118417,124.0
Chacha/118419,124.0
Chacha/118412,124.0
Chacha/118414,124.0
Chacha/118416,124.0
Chacha/118418,124.0
Chacha/118420,124.0
Chacha/118507,124.0
Chacha/118509,124.0
Chacha/118511,124.0
Chacha/118508,124.0
Chacha/118510,124.0
Chacha/118813,124.0
Chacha/118815,124.0
Chacha/118817,124.0
Chacha/118819,124.0
Chacha/118821,124.0
Chacha/118812,124.0
Chacha/118814,124.0
Chacha/118816,124.0
Chacha/118818,124.0
Chacha/118820,124.0
Samba/100801,100.0
Samba/100803,100.0
Samba/100802,100.0
Samba/100804,100.0
Samba/106301,102.0
Samba/106303,102.0
Samba/106305,102.0
Samba/106302,102.0
Samba/106304,102.0
Samba/106801,100.0
Samba/106803,102.0
Samba/106805,102.0
Samba/106821,100.0
Samba/106802,102.0
Samba/106804,102.0
Samba/106806,102.0
Samba/107001,102.0
Samba/107003,102.0
Samba/107002,100.0
Samba/107004,102.0
Samba/107201,102.0
Samba/107203,102.0
Samba/107215,72.0
Samba/107202,102.0
Samba/107505,102.0
Samba/107504,102.0
Samba/107506,88.0
Samba/107601,96.0
Samba/107603,100.0
Samba/107605,100.0
Samba/107607,102.0
Samba/107609,102.0
Samba/107602,98.0
Samba/107604,100.0
Samba/107606,100.0
Samba/107608,102.0
Samba/107610,102.0
Samba/108401,104.0
Samba/108403,104.0
Samba/108405,102.0
Samba/108407,100.0
Samba/108429,104.0
Samba/108402,104.0
Samba/108404,104.0
Samba/108406,104.0
Samba/108408,104.0
Samba/108501,100.0
Samba/108503,100.0
Samba/108505,102.0
Samba/108507,102.0
Samba/108509,100.0
Samba/108502,100.0
Samba/108504,100.0
Samba/108506,102.0
Samba/108508,100.0
Samba/108510,98.0
Samba/108611,100.0
Samba/108613,100.0
Samba/108615,102.0
Samba/108617,102.0
Samba/108619,102.0
Samba/108612,100.0
Samba/108614,100.0
Samba/108616,102.0
Samba/108618,102.0
Samba/108620,100.0
Samba/108711,102.0
Samba/108713,100.0
Samba/108715,102.0
Samba/108717,100.0
Samba/108719,100.0
Samba/108712,102.0
Samba/108714,100.0
Samba/108716,100.0
Samba/108718,100.0
Samba/108720,102.0
Samba/108801,100.0
Samba/108803,100.0
Samba/108805,100.0
Samba/108807,100.0
Samba/108809,100.0
Samba/108802,100.0
Samba/108804,100.0
Samba/108806,100.0
Samba/108808,100.0
Samba/108810,100.0
Samba/109701,102.0
Samba/109703,102.0
Samba/109702,100.0
Samba/109704,102.0
Samba/109716,76.0
Samba/109801,100.0
Samba/109803,100.0
Samba/109805,100.0
Samba/109807,102.0
Samba/109809,100.0
Samba/109811,100.0
Samba/109802,100.0
Samba/109804,100.0
Samba/109806,102.0
Samba/109808,102.0
Samba/109810,100.0
Samba/110001,88.0
Samba/110003,100.0
Samba/110005,102.0
Samba/110002,102.0
Samba/110004,100.0
Samba/110006,102.0
Samba/110701,94.0
Samba/110703,100.0
Samba/110705,102.0
Samba/110707,102.0
Samba/110702,100.0
Samba/110704,100.0
Samba/110706,102.0
Samba/110708,102.0
Samba/110901,100.0
Samba/110903,100.0
Samba/110905,100.0
Samba/110902,100.0
Samba/110904,100.0
Samba/110906,102.0
Samba/111201,100.0
Samba/111203,100.0
Samba/111205,98.0
Samba/111207,100.0
Samba/111209,100.0
Samba/111211,98.0
Samba/111202,102.0
Samba/111204,100.0
Samba/111206,102.0
Samba/111208,98.0
Samba/111210,100.0
Samba/111501,92.0
Samba/111503,100.0
Samba/111505,100.0
Samba/111507,100.0
Samba/111509,102.0
Samba/111511,102.0
Samba/111502,100.0
Samba/111504,100.0
Samba/111506,100.0
Samba/111508,102.0
Samba/111510,102.0
Samba/111601,102.0
Samba/111603,100.0
Samba/111605,102.0
Samba/111602,100.0
Samba/111604,102.0
Samba/111606,100.0
Samba/111701,100.0
Samba/111703,100.0
Samba/111717,82.0
Samba/111702,100.0
Samba/111704,102.0
Samba/111718,88.0
Samba/111901,100.0
Samba/111903,100.0
Samba/111905,100.0
Samba/111907,98.0
Samba/111909,102.0
Samba/111902,100.0
Samba/111904,100.0
Samba/111906,100.0
Samba/111908,96.0
Samba/111910,102.0
Samba/112101,102.0
Samba/112103,102.0
Samba/112105,102.0
Samba/112102,102.0
Samba/112104,102.0
Samba/112205,102.0
Samba/112207,102.0
Samba/112209,100.0
Samba/112219,90.0
Samba/112206,102.0
Samba/112208,102.0
Samba/112218,148.0
Samba/112301,98.0
Samba/112303,102.0
Samba/112305,102.0
Samba/112302,102.0
Samba/112304,102.0
Samba/112306,102.0
Samba/112401,96.0
Samba/112403,98.0
Samba/112405,98.0
Samba/112407,102.0
Samba/112409,102.0
Samba/112411,102.0
Samba/112402,96.0
Samba/112404,98.0
Samba/112406,102.0
Samba/112408,102.0
Samba/112410,102.0
Samba/112511,100.0
Samba/112513,100.0
Samba/112515,100.0
Samba/112517,100.0
Samba/112519,100.0
Samba/112521,100.0
Samba/112512,100.0
Samba/112514,100.0
Samba/112516,100.0
Samba/112518,100.0
Samba/112520,107.0
Samba/112911,100.0
Samba/112913,100.0
Samba/112915,100.0
Samba/112917,100.0
Samba/112919,100.0
Samba/112939,100.0
Samba/112912,100.0
Samba/112914,100.0
Samba/112916,100.0
Samba/112918,100.0
Samba/112920,98.0
Samba/113201,102.0
Samba/113203,102.0
Samba/113205,102.0
Samba/113202,102.0
Samba/113204,102.0
Samba/113206,102.0
Samba/113401,96.0
Samba/113403,100.0
Samba/113405,100.0
Samba/113402,102.0
Samba/113404,102.0
Samba/113406,100.0
Samba/113601,102.0
Samba/113603,102.0
Samba/113605,102.0
Samba/113607,102.0
Samba/113609,102.0
Samba/113611,102.0
Samba/113643,102.0
Samba/113602,102.0
Samba/113604,102.0
Samba/113606,102.0
Samba/113608,102.0
Samba/113610,102.0
Samba/113811,100.0
Samba/113813,102.0
Samba/113815,98.0
Samba/113817,100.0
Samba/113819,100.0
Samba/113812,100.0
Samba/113814,100.0
Samba/113816,100.0
Samba/113818,100.0
Samba/113820,100.0
Samba/113901,100.0
Samba/113903,100.0
Samba/113905,100.0
Samba/113907,100.0
Samba/113909,102.0
Samba/113902,100.0
Samba/113904,100.0
Samba/113906,100.0
Samba/113908,100.0
Samba/113910,102.0
Samba/114301,100.0
Samba/114303,102.0
Samba/114305,102.0
Samba/114307,102.0
Samba/114302,102.0
Samba/114304,102.0
Samba/114306,102.0
Samba/114501,100.0
Samba/114503,100.0
Samba/114505,100.0
Samba/114502,100.0
Samba/114504,100.0
Samba/114506,100.0
Samba/114601,100.0
Samba/114603,100.0
Samba/114605,100.0
Samba/114607,100.0
Samba/114609,100.0
Samba/114611,100.0
Samba/114602,100.0
Samba/114604,100.0
Samba/114606,100.0
Samba/114608,100.0
Samba/114610,100.0
Samba/114612,100.0
Samba/114801,100.0
Samba/114803,100.0
Samba/114805,98.0
Samba/114807,102.0
Samba/114809,102.0
Samba/114802,100.0
Samba/114804,100.0
Samba/114806,102.0
Samba/114808,102.0
Samba/114810,102.0
Samba/115211,100.0
Samba/115213,100.0
Samba/115215,100.0
Samba/115217,100.0
Samba/115219,100.0
Samba/115212,100.0
Samba/115214,100.0
Samba/115216,100.0
Samba/115218,104.0
Samba/115220,100.0
Samba/115611,100.0
Samba/115613,100.0
Samba/115615,100.0
Samba/115617,100.0
Samba/115619,100.0
Samba/115612,100.0
Samba/115614,100.0
Samba/115616,100.0
Samba/115618,100.0
Samba/115620,100.0
Samba/115901,100.0
Samba/115903,100.0
Samba/115905,100.0
Samba/115907,100.0
Samba/115909,100.0
Samba/115911,100.0
Samba/115902,100.0
Samba/115904,100.0
Samba/115906,100.0
Samba/115908,100.0
Samba/115910,100.0
Samba/115912,100.0
Samba/116101,100.0
Samba/116103,100.0
Samba/116105,100.0
Samba/116107,100.0
Samba/116109,100.0
Samba/116102,100.0
Samba/116104,100.0
Samba/116106,100.0
Samba/116108,100.0
Samba/116110,100.0
Samba/116301,104.0
Samba/116303,100.0
Samba/116305,100.0
Samba/116302,100.0
Samba/116304,100.0
Samba/116306,100.0
Samba/116701,100.0
Samba/116703,102.0
Samba/116705,104.0
Samba/116702,100.0
Samba/116704,102.0
Samba/116801,100.0
Samba/116803,102.0
Samba/116802,102.0
Samba/117101,100.0
Samba/117103,100.0
Samba/117105,100.0
Samba/117102,100.0
Samba/117104,100.0
Samba/117106,100.0
Samba/117201,102.0
Samba/117203,102.0
Samba/117209,100.0
Samba/117211,102.0
Samba/117213,102.0
Samba/117219,100.0
Samba/117202,102.0
Samba/117204,102.0
Samba/117206,102.0
Samba/117212,102.0
Samba/117214,102.0
Samba/117216,102.0
Samba/117401,100.0
Samba/117403,100.0
Samba/117405,100.0
Samba/117407,100.0
Samba/117409,98.0
Samba/117402,100.0
Samba/117404,102.0
Samba/117406,100.0
Samba/117408,100.0
Samba/117410,100.0
Samba/117601,102.0
Samba/117603,102.0
Samba/117605,102.0
Samba/117607,102.0
Samba/117602,102.0
Samba/117604,102.0
Samba/117606,102.0
Samba/117801,100.0
Samba/117803,102.0
Samba/117805,100.0
Samba/117807,102.0
Samba/117809,102.0
Samba/117802,102.0
Samba/117804,100.0
Samba/117806,102.0
Samba/117808,102.0
Samba/117810,102.0
Samba/118011,84.0
Samba/118013,98.0
Samba/118015,100.0
Samba/118017,100.0
Samba/118019,100.0
Samba/118012,96.0
Samba/118014,100.0
Samba/118016,100.0
Samba/118018,100.0
Samba/118020,100.0
Samba/118401,102.0
Samba/118403,102.0
Samba/118405,100.0
Samba/118407,100.0
Samba/118409,102.0
Samba/118402,102.0
Samba/118404,100.0
Samba/118406,102.0
Samba/118408,100.0
Samba/118410,100.0
Samba/118501,102.0
Samba/118503,102.0
Samba/118505,102.0
Samba/118502,102.0
Samba/118504,102.0
Samba/118506,102.0
Samba/118801,100.0
Samba/118803,100.0
Samba/118805,100.0
Samba/118807,100.0
Samba/118809,102.0
Samba/118811,100.0
Samba/118802,100.0
Samba/118804,100.0
Samba/118806,100.0
Samba/118808,100.0
Samba/118810,100.0
Rumba/100809,100.0
Rumba/100811,100.0
Rumba/100810,100.0
Rumba/100812,100.0
Rumba/106311,100.0
Rumba/106313,100.0
Rumba/106315,100.0
Rumba/106312,100.0
Rumba/106314,100.0
Rumba/106813,100.0
Rumba/106815,100.0
Rumba/106812,100.0
Rumba/106814,100.0
Rumba/106816,100.0
Rumba/107009,88.0
Rumba/107011,96.0
Rumba/107010,96.0
Rumba/107012,100.0
Rumba/107209,96.0
Rumba/107211,96.0
Rumba/107219,84.0
Rumba/107208,96.0
Rumba/107210,96.0
Rumba/107218,80.0
Rumba/107507,100.0
Rumba/107509,84.0
Rumba/107508,100.0
Rumba/107623,84.0
Rumba/107625,88.0
Rumba/107627,92.0
Rumba/107629,96.0
Rumba/107631,100.0
Rumba/107624,88.0
Rumba/107626,92.0
Rumba/107628,96.0
Rumba/107630,100.0
Rumba/108409,100.0
Rumba/108411,100.0
Rumba/108413,104.0
Rumba/108415,100.0
Rumba/108431,93.0
Rumba/108433,104.0
Rumba/108410,96.0
Rumba/108412,100.0
Rumba/108414,104.0
Rumba/108430,104.0
Rumba/108432,104.0
Rumba/108434,104.0
Rumba/108521,100.0
Rumba/108523,104.0
Rumba/108525,104.0
Rumba/108527,104.0
Rumba/108529,96.0
Rumba/108522,100.0
Rumba/108524,104.0
Rumba/108526,104.0
Rumba/108528,96.0
Rumba/108530,92.0
Rumba/108621,96.0
Rumba/108623,92.0
Rumba/108625,100.0
Rumba/108627,96.0
Rumba/108629,104.0
Rumba/108622,96.0
Rumba/108624,96.0
Rumba/108626,100.0
Rumba/108628,92.0
Rumba/108630,100.0
Rumba/108721,100.0
Rumba/108723,100.0
Rumba/108725,100.0
Rumba/108727,100.0
Rumba/108729,100.0
Rumba/108722,100.0
Rumba/108724,96.0
Rumba/108726,100.0
Rumba/108728,100.0
Rumba/108730,104.0
Rumba/108821,96.0
Rumba/108823,100.0
Rumba/108825,100.0
Rumba/108827,100.0
Rumba/108829,104.0
Rumba/108822,100.0
Rumba/108824,100.0
Rumba/108826,100.0
Rumba/108828,104.0
Rumba/109709,92.0
Rumba/109711,100.0
Rumba/109719,74.0
Rumba/109710,100.0
Rumba/109712,96.0
Rumba/109718,76.0
Rumba/109823,100.0
Rumba/109825,104.0
Rumba/109827,96.0
Rumba/109829,100.0
Rumba/109831,100.0
Rumba/109833,100.0
Rumba/109822,96.0
Rumba/109824,104.0
Rumba/109826,104.0
Rumba/109828,100.0
Rumba/109830,100.0
Rumba/109832,100.0
Rumba/110013,100.0
Rumba/110015,100.0
Rumba/110012,96.0
Rumba/110014,100.0
Rumba/110721,92.0
Rumba/110723,100.0
Rumba/110725,100.0
Rumba/110727,100.0
Rumba/110720,88.0
Rumba/110722,96.0
Rumba/110724,100.0
Rumba/110726,100.0
Rumba/110728,100.0
Rumba/110813,80.0
Rumba/110815,92.0
Rumba/110817,96.0
Rumba/110819,100.0
Rumba/110821,100.0
Rumba/110812,76.0
Rumba/110814,88.0
Rumba/110816,96.0
Rumba/110818,96.0
Rumba/110820,100.0
Rumba/110822,100.0
Rumba/110913,92.0
Rumba/110915,96.0
Rumba/110917,100.0
Rumba/110914,92.0
Rumba/110916,100.0
Rumba/111223,96.0
Rumba/111225,88.0
Rumba/111227,92.0
Rumba/111229,92.0
Rumba/111231,100.0
Rumba/111233,100.0
Rumba/111224,92.0
Rumba/111226,92.0
Rumba/111228,92.0
Rumba/111230,92.0
Rumba/111232,100.0
Rumba/111523,88.0
Rumba/111525,96.0
Rumba/111527,96.0
Rumba/111529,96.0
Rumba/111531,100.0
Rumba/111524,92.0
Rumba/111526,96.0
Rumba/111528,96.0
Rumba/111530,100.0
Rumba/111532,100.0
Rumba/111613,88.0
Rumba/111615,96.0
Rumba/111617,100.0
Rumba/111614,92.0
Rumba/111616,100.0
Rumba/111709,92.0
Rumba/111711,100.0
Rumba/111710,92.0
Rumba/111712,96.0
Rumba/111720,84.0
Rumba/111921,96.0
Rumba/111923,96.0
Rumba/111925,96.0
Rumba/111927,92.0
Rumba/111929,100.0
Rumba/111922,100.0
Rumba/111924,92.0
Rumba/111926,92.0
Rumba/111928,92.0
Rumba/111930,128.0
Rumba/112113,100.0
Rumba/112115,100.0
Rumba/112112,100.0
Rumba/112114,100.0
Rumba/112116,100.0
Rumba/112201,96.0
Rumba/112203,100.0
Rumba/112221,68.0
Rumba/112202,96.0
Rumba/112204,100.0
Rumba/112313,96.0
Rumba/112315,96.0
Rumba/112317,100.0
Rumba/112314,96.0
Rumba/112316,100.0
Rumba/112423,84.0
Rumba/112425,88.0
Rumba/112427,96.0
Rumba/112429,96.0
Rumba/112431,100.0
Rumba/112433,100.0
Rumba/112422,76.0
Rumba/112424,88.0
Rumba/112426,92.0
Rumba/112428,96.0
Rumba/112430,100.0
Rumba/112432,100.0
Rumba/112523,96.0
Rumba/112525,100.0
Rumba/112527,100.0
Rumba/112529,100.0
Rumba/112531,100.0
Rumba/112522,100.0
Rumba/112524,102.0
Rumba/112526,100.0
Rumba/112528,100.0
Rumba/112530,104.0
Rumba/112532,100.0
Rumba/112921,92.0
Rumba/112923,96.0
Rumba/112925,92.0
Rumba/112927,88.0
Rumba/112929,100.0
Rumba/112922,92.0
Rumba/112924,100.0
Rumba/112926,96.0
Rumba/112928,96.0
Rumba/112940,100.0
Rumba/113213,92.0
Rumba/113215,96.0
Rumba/113212,80.0
Rumba/113214,96.0
Rumba/113216,100.0
Rumba/113413,92.0
Rumba/113415,96.0
Rumba/113412,92.0
Rumba/113414,96.0
Rumba/113416,96.0
Rumba/113623,84.0
Rumba/113625,92.0
Rumba/113627,92.0
Rumba/113629,96.0
Rumba/113631,96.0
Rumba/113633,68.0
Rumba/113624,88.0
Rumba/113626,92.0
Rumba/113628,92.0
Rumba/113630,96.0
Rumba/113632,96.0
Rumba/113821,96.0
Rumba/113823,100.0
Rumba/113825,96.0
Rumba/113827,88.0
Rumba/113829,80.0
Rumba/113831,100.0
Rumba/113822,100.0
Rumba/113824,100.0
Rumba/113826,96.0
Rumba/113828,80.0
Rumba/113830,80.0
Rumba/113923,100.0
Rumba/113925,100.0
Rumba/113927,100.0
Rumba/113929,100.0
Rumba/113931,100.0
Rumba/113933,100.0
Rumba/113924,100.0
Rumba/113926,100.0
Rumba/113928,100.0
Rumba/113930,100.0
Rumba/113932,100.0
Rumba/114315,92.0
Rumba/114317,96.0
Rumba/114314,92.0
Rumba/114316,96.0
Rumba/114318,100.0
Rumba/114513,100.0
Rumba/114515,100.0
Rumba/114514,100.0
Rumba/114516,100.0
Rumba/114821,80.0
Rumba/114823,96.0
Rumba/114825,100.0
Rumba/114827,100.0
Rumba/114829,100.0
Rumba/114822,88.0
Rumba/114824,96.0
Rumba/114826,100.0
Rumba/114828,100.0
Rumba/114830,100.0
Rumba/115221,92.0
Rumba/115223,92.0
Rumba/115225,100.0
Rumba/115227,104.0
Rumba/115229,104.0
Rumba/115222,96.0
Rumba/115224,94.0
Rumba/115226,104.0
Rumba/115228,104.0
Rumba/115230,104.0
Rumba/115621,80.0
Rumba/115623,87.0
Rumba/115625,96.0
Rumba/115627,96.0
Rumba/115629,104.0
Rumba/115622,84.0
Rumba/115624,96.0
Rumba/115626,100.0
Rumba/115628,100.0
Rumba/115630,104.0
Rumba/115923,92.0
Rumba/115925,96.0
Rumba/115927,100.0
Rumba/115929,100.0
Rumba/115931,100.0
Rumba/115922,92.0
Rumba/115924,92.0
Rumba/115926,96.0
Rumba/115928,100.0
Rumba/115930,100.0
Rumba/116123,92.0
Rumba/116125,96.0
Rumba/116127,100.0
Rumba/116129,100.0
Rumba/116131,100.0
Rumba/116122,88.0
Rumba/116124,96.0
Rumba/116126,100.0
Rumba/116128,100.0
Rumba/116130,100.0
Rumba/116313,84.0
Rumba/116315,96.0
Rumba/116317,100.0
Rumba/116314,92.0
Rumba/116316,96.0
Rumba/116318,100.0
Rumba/116711,100.0
Rumba/116713,100.0
Rumba/116712,96.0
Rumba/116714,100.0
Rumba/116807,100.0
Rumba/116809,100.0
Rumba/116808,100.0
Rumba/117115,100.0
Rumba/117117,100.0
Rumba/117119,100.0
Rumba/117114,100.0
Rumba/117116,100.0
Rumba/117118,100.0
Rumba/117205,108.0
Rumba/117207,100.0
Rumba/117215,108.0
Rumba/117217,100.0
Rumba/117210,106.0
Rumba/117220,106.0
Rumba/117421,100.0
Rumba/117423,104.0
Rumba/117425,100.0
Rumba/117427,96.0
Rumba/117429,92.0
Rumba/117422,104.0
Rumba/117424,100.0
Rumba/117426,100.0
Rumba/117428,92.0
Rumba/117430,100.0
Rumba/117615,88.0
Rumba/117617,96.0
Rumba/117619,96.0
Rumba/117616,96.0
Rumba/117618,96.0
Rumba/117620,100.0
Rumba/117821,88.0
Rumba/117823,96.0
Rumba/117825,96.0
Rumba/117827,100.0
Rumba/117829,100.0
Rumba/117822,92.0
Rumba/117824,100.0
Rumba/117826,100.0
Rumba/117828,96.0
Rumba/117830,100.0
Rumba/118021,88.0
Rumba/118023,92.0
Rumba/118025,100.0
Rumba/118027,100.0
Rumba/118029,100.0
Rumba/118022,92.0
Rumba/118024,96.0
Rumba/118026,100.0
Rumba/118028,100.0
Rumba/118030,100.0
Rumba/118201,76.0
Rumba/118203,88.0
Rumba/118205,96.0
Rumba/118207,96.0
Rumba/118209,96.0
Rumba/118211,96.0
Rumba/118213,100.0
Rumba/118215,100.0
Rumba/118217,100.0
Rumba/118219,100.0
Rumba/118221,100.0
Rumba/118223,100.0
Rumba/118202,80.0
Rumba/118204,92.0
Rumba/118206,96.0
Rumba/118208,96.0
Rumba/118210,96.0
Rumba/118212,100.0
Rumba/118214,100.0
Rumba/118216,100.0
Rumba/118218,100.0
Rumba/118220,100.0
Rumba/118222,100.0
Rumba/118421,92.0
Rumba/118423,96.0
Rumba/118425,96.0
Rumba/118427,100.0
Rumba/118429,100.0
Rumba/118422,96.0
Rumba/118424,96.0
Rumba/118426,100.0
Rumba/118428,100.0
Rumba/118513,100.0
Rumba/118515,100.0
Rumba/118512,96.0
Rumba/118514,100.0
Rumba/118516,92.0
Rumba/118823,92.0
Rumba/118825,92.0
Rumba/118827,100.0
Rumba/118829,100.0
Rumba/118831,104.0
Rumba/118822,88.0
Rumba/118824,96.0
Rumba/118826,96.0
Rumba/118828,96.0
Rumba/118830,104.0
Pasodoble/100813,122.0
Pasodoble/104013,120.0
Pasodoble/104014,120.0
Pasodoble/106013,120.0
Pasodoble/106014,116.0
Pasodoble/107013,116.0
Pasodoble/107511,124.0
Pasodoble/107510,124.0
Pasodoble/107512,124.0
Pasodoble/107632,118.0
Pasodoble/108441,120.0
Pasodoble/108440,120.0
Pasodoble/108531,120.0
Pasodoble/108831,120.0
Pasodoble/108830,118.0
Pasodoble/109834,118.0
Pasodoble/110729,100.0
Pasodoble/110730,118.0
Pasodoble/111235,118.0
Pasodoble/111234,118.0
Pasodoble/111533,114.0
Pasodoble/111534,116.0
Pasodoble/111940,120.0
Pasodoble/112540,118.0
Pasodoble/112935,118.0
Pasodoble/112936,118.0
Pasodoble/113217,116.0
Pasodoble/113417,118.0
Pasodoble/113635,118.0
Pasodoble/113634,118.0
Pasodoble/113833,118.0
Pasodoble/113832,118.0
Pasodoble/113935,118.0
Pasodoble/113934,118.0
Pasodoble/113936,118.0
Pasodoble/114831,116.0
Pasodoble/115231,118.0
Pasodoble/115232,118.0
Pasodoble/115631,120.0
Pasodoble/115632,118.0
Pasodoble/115933,118.0
Pasodoble/115932,118.0
Pasodoble/115934,118.0
Pasodoble/117439,120.0
Pasodoble/117440,118.0
Pasodoble/117831,118.0
Pasodoble/118431,118.0
Pasodoble/118430,116.0
Pasodoble/118841,120.0
Pasodoble/118840,120.0
Pasodoble/112539,118.0
Jive/100815,168.0
Jive/100817,172.0
Jive/100814,168.0
Jive/100816,168.0
Jive/106317,172.0
Jive/106319,172.0
Jive/106316,164.0
Jive/106318,172.0
Jive/106817,160.0
Jive/106819,172.0
Jive/106818,172.0
Jive/106820,172.0
Jive/107015,172.0
Jive/107017,172.0
Jive/107014,172.0
Jive/107016,172.0
Jive/107213,172.0
Jive/107212,172.0
Jive/107214,172.0
Jive/107220,128.0
Jive/107513,172.0
Jive/107515,172.0
Jive/107514,172.0
Jive/107516,130.0
Jive/107633,128.0
Jive/107635,172.0
Jive/107637,172.0
Jive/107639,172.0
Jive/107641,172.0
Jive/107634,153.0
Jive/107636,172.0
Jive/107638,172.0
Jive/107640,172.0
Jive/108435,172.0
Jive/108437,164.0
Jive/108439,144.0
Jive/108436,172.0
Jive/108438,164.0
Jive/108533,168.0
Jive/108535,172.0
Jive/108532,160.0
Jive/108534,168.0
Jive/108536,172.0
Jive/108631,168.0
Jive/108633,164.0
Jive/108635,172.0
Jive/108632,168.0
Jive/108634,172.0
Jive/108636,152.0
Jive/108731,152.0
Jive/108733,160.0
Jive/108735,168.0
Jive/108732,152.0
Jive/108734,172.0
Jive/108833,152.0
Jive/108835,164.0
Jive/108837,172.0
Jive/108832,152.0
Jive/108834,160.0
Jive/108836,168.0
Jive/109713,172.0
Jive/109715,172.0
Jive/109714,172.0
Jive/109720,132.0
Jive/109835,152.0
Jive/109837,168.0
Jive/109839,172.0
Jive/109836,168.0
Jive/109838,172.0
Jive/110017,172.0
Jive/110019,172.0
Jive/110016,164.0
Jive/110018,172.0
Jive/110020,172.0
Jive/110731,128.0
Jive/110733,144.0
Jive/110735,172.0
Jive/110737,172.0
Jive/110739,172.0
Jive/110732,144.0
Jive/110734,168.0
Jive/110736,172.0
Jive/110738,172.0
Jive/110919,172.0
Jive/110921,172.0
Jive/110918,172.0
Jive/110920,172.0
Jive/111237,160.0
Jive/111239,172.0
Jive/111236,152.0
Jive/111238,168.0
Jive/111240,172.0
Jive/111535,175.0
Jive/111537,175.0
Jive/111539,175.0
Jive/111541,175.0
Jive/111536,175.0
Jive/111538,175.0
Jive/111540,175.0
Jive/111542,175.0
Jive/111619,172.0
Jive/111621,172.0
Jive/111618,100.0
Jive/111620,172.0
Jive/111713,172.0
Jive/111715,172.0
Jive/111721,120.0
Jive/111714,172.0
Jive/111716,172.0
Jive/111722,136.0
Jive/111935,152.0
Jive/111937,168.0
Jive/111939,172.0
Jive/111934,144.0
Jive/111936,160.0
Jive/111938,174.0
Jive/112117,160.0
Jive/112119,172.0
Jive/112118,168.0
Jive/112120,172.0
Jive/112215,175.0
Jive/112217,175.0
Jive/112223,132.0
Jive/112214,175.0
Jive/112216,175.0
Jive/112222,116.0
Jive/112319,172.0
Jive/112321,172.0
Jive/112318,172.0
Jive/112320,172.0
Jive/112322,172.0
Jive/112435,148.0
Jive/112437,164.0
Jive/112439,172.0
Jive/112441,172.0
Jive/112434,128.0
Jive/112436,156.0
Jive/112438,168.0
Jive/112440,172.0
Jive/112537,84.0
Jive/112538,87.0
Jive/112931,172.0
Jive/112933,164.0
Jive/112930,172.0
Jive/112932,160.0
Jive/112934,156.0
Jive/113219,172.0
Jive/113221,172.0
Jive/113218,172.0
Jive/113220,172.0
Jive/113222,172.0
Jive/113419,168.0
Jive/113421,168.0
Jive/113418,168.0
Jive/113420,168.0
Jive/113637,168.0
Jive/113639,172.0
Jive/113641,172.0
Jive/113636,116.0
Jive/113638,172.0
Jive/113640,172.0
Jive/113642,172.0
Jive/113835,164.0
Jive/113837,168.0
Jive/113839,172.0
Jive/113834,160.0
Jive/113836,164.0
Jive/113838,168.0
Jive/113840,176.0
Jive/113937,172.0
Jive/113939,172.0
Jive/113941,172.0
Jive/113943,172.0
Jive/113938,172.0
Jive/113940,172.0
Jive/113942,172.0
Jive/113944,172.0
Jive/114319,168.0
Jive/114321,172.0
Jive/114323,172.0
Jive/114320,172.0
Jive/114322,172.0
Jive/114324,172.0
Jive/114517,172.0
Jive/114519,172.0
Jive/114518,172.0
Jive/114520,172.0
Jive/114833,172.0
Jive/114835,172.0
Jive/114837,172.0
Jive/114839,172.0
Jive/114832,168.0
Jive/114834,172.0
Jive/114836,172.0
Jive/114838,172.0
Jive/114840,172.0
Jive/115233,168.0
Jive/115235,160.0
Jive/115237,168.0
Jive/115239,172.0
Jive/115234,164.0
Jive/115236,168.0
Jive/115238,172.0
Jive/115240,172.0
Jive/115633,168.0
Jive/115635,172.0
Jive/115637,176.0
Jive/115639,172.0
Jive/115634,172.0
Jive/115636,172.0
Jive/115638,176.0
Jive/115640,172.0
Jive/115935,172.0
Jive/115937,172.0
Jive/115939,172.0
Jive/115941,172.0
Jive/115936,172.0
Jive/115938,172.0
Jive/115940,172.0
Jive/115942,168.0
Jive/116133,172.0
Jive/116135,172.0
Jive/116137,172.0
Jive/116139,172.0
Jive/116132,134.0
Jive/116134,172.0
Jive/116136,172.0
Jive/116138,172.0
Jive/116140,172.0
Jive/116319,172.0
Jive/116321,172.0
Jive/116323,172.0
Jive/116320,172.0
Jive/116322,172.0
Jive/116715,172.0
Jive/116717,172.0
Jive/116716,172.0
Jive/116811,172.0
Jive/116810,172.0
Jive/116812,172.0
Jive/117001,120.0
Jive/117003,128.0
Jive/117005,132.0
Jive/117007,140.0
Jive/117009,148.0
Jive/117011,160.0
Jive/117013,168.0
Jive/117015,172.0
Jive/117017,172.0
Jive/117019,172.0
Jive/117021,172.0
Jive/117002,124.0
Jive/117004,128.0
Jive/117006,136.0
Jive/117008,144.0
Jive/117010,156.0
Jive/117012,164.0
Jive/117014,172.0
Jive/117016,172.0
Jive/117018,172.0
Jive/117020,172.0
Jive/117022,172.0
Jive/117121,174.0
Jive/117123,174.0
Jive/117120,174.0
Jive/117122,174.0
Jive/117124,174.0
Jive/117431,172.0
Jive/117433,172.0
Jive/117435,168.0
Jive/117437,164.0
Jive/117432,176.0
Jive/117434,168.0
Jive/117436,168.0
Jive/117438,176.0
Jive/117621,142.0
Jive/117623,172.0
Jive/117625,172.0
Jive/117622,172.0
Jive/117624,172.0
Jive/117833,172.0
Jive/117835,172.0
Jive/117837,172.0
Jive/117839,172.0
Jive/117832,172.0
Jive/117834,172.0
Jive/117836,172.0
Jive/117838,172.0
Jive/117840,172.0
Jive/118031,140.0
Jive/118033,152.0
Jive/118035,168.0
Jive/118037,172.0
Jive/118039,172.0
Jive/118032,144.0
Jive/118034,168.0
Jive/118036,168.0
Jive/118038,172.0
Jive/118040,172.0
Jive/118433,172.0
Jive/118435,172.0
Jive/118437,172.0
Jive/118439,172.0
Jive/118441,172.0
Jive/118432,172.0
Jive/118434,172.0
Jive/118436,172.0
Jive/118438,172.0
Jive/118440,172.0
Jive/118517,168.0
Jive/118519,168.0
Jive/118521,172.0
Jive/118518,168.0
Jive/118520,168.0
Jive/118833,168.0
Jive/118835,168.0
Jive/118837,176.0
Jive/118839,176.0
Jive/118832,168.0
Jive/118834,160.0
Jive/118836,168.0
Jive/118838,176.0
Salsa/108416,90.0
Salsa/108737,90.0
Salsa/108736,100.0
Salsa/108738,98.0
Salsa/108838,192.0
Salsa/111931,184.0
Salsa/111933,200.0
Salsa/111932,188.0
Salsa/112535,80.0
Salsa/112536,83.0
Salsa/115501,212.0
Salsa/116601,202.0
Salsa/116603,192.0
Salsa/116605,180.0
Salsa/116607,168.0
Salsa/116609,168.0
Salsa/116611,156.0
Salsa/116613,144.0
Salsa/116602,200.0
Salsa/116604,184.0
Salsa/116606,176.0
Salsa/116608,168.0
Salsa/116610,168.0
Salsa/116612,148.0
Salsa/116614,132.0
Salsa/118601,140.0
Salsa/118603,180.0
Salsa/118605,180.0
Salsa/118607,180.0
Salsa/118609,184.0
Salsa/118611,188.0
Salsa/118613,192.0
Salsa/118615,192.0
Salsa/118617,196.0
Salsa/118619,200.0
Salsa/118621,200.0
Salsa/118602,160.0
Salsa/118604,180.0
Salsa/118606,180.0
Salsa/118608,184.0
Salsa/118610,188.0
Salsa/118612,192.0
Salsa/118614,192.0
Salsa/118616,196.0
Salsa/118618,196.0
Salsa/118620,200.0
Salsa/118622,208.0
Slowwaltz/116401,84.0
Slowwaltz/116403,84.0
Slowwaltz/116405,87.0
Slowwaltz/116402,84.0
Slowwaltz/116404,84.0
Slowwaltz/116406,87.0
Slowwaltz/117321,87.0
Slowwaltz/117323,87.0
Slowwaltz/117325,87.0
Slowwaltz/117327,90.0
Slowwaltz/117329,87.0
Slowwaltz/117322,87.0
Slowwaltz/117324,84.0
Slowwaltz/117326,87.0
Slowwaltz/117328,88.0
Slowwaltz/117330,87.0
Slowwaltz/117501,84.0
Slowwaltz/117503,87.0
Slowwaltz/117505,84.0
Slowwaltz/117507,87.0
Slowwaltz/117509,84.0
Slowwaltz/117511,84.0
Slowwaltz/117502,84.0
Slowwaltz/117504,87.0
Slowwaltz/117506,84.0
Slowwaltz/117508,84.0
Slowwaltz/117510,84.0
Slowwaltz/117512,84.0
Slowwaltz/117701,84.0
Slowwaltz/117703,87.0
Slowwaltz/117705,87.0
Slowwaltz/117707,84.0
Slowwaltz/117709,87.0
Slowwaltz/117702,87.0
Slowwaltz/117704,84.0
Slowwaltz/117706,87.0
Slowwaltz/117708,84.0
Slowwaltz/117710,84.0
Slowwaltz/117901,84.0
Slowwaltz/117903,84.0
Slowwaltz/117905,84.0
Slowwaltz/117907,84.0
Slowwaltz/117909,87.0
Slowwaltz/117911,87.0
Slowwaltz/117902,84.0
Slowwaltz/117904,87.0
Slowwaltz/117906,87.0
Slowwaltz/117908,84.0
Slowwaltz/117910,87.0
Slowwaltz/118101,87.0
Slowwaltz/118103,87.0
Slowwaltz/118105,87.0
Slowwaltz/118102,87.0
Slowwaltz/118104,87.0
Slowwaltz/118106,84.0
Slowwaltz/118301,84.0
Slowwaltz/118303,87.0
Slowwaltz/118305,84.0
Slowwaltz/118307,87.0
Slowwaltz/118309,87.0
Slowwaltz/118302,87.0
Slowwaltz/118304,87.0
Slowwaltz/118306,84.0
Slowwaltz/118308,87.0
Slowwaltz/118310,87.0
Wcswing/116901,92.0
Wcswing/116903,96.0
Wcswing/116905,100.0
Wcswing/116907,112.0
Wcswing/116909,116.0
Wcswing/116911,116.0
Wcswing/116913,116.0
Wcswing/116915,120.0
Wcswing/116917,120.0
Wcswing/116919,124.0
Wcswing/116921,136.0
Wcswing/116923,152.0
Wcswing/116902,92.0
Wcswing/116904,100.0
Wcswing/116906,108.0
Wcswing/116908,112.0
Wcswing/116910,116.0
Wcswing/116912,116.0
Wcswing/116914,120.0
Wcswing/116916,120.0
Wcswing/116918,120.0
Wcswing/116920,128.0
Wcswing/116922,136.0
